<?xml version="1.0" encoding="UTF-8"?>
<metadata xml:lang="en"><Esri><CreaDate>20200626</CreaDate><CreaTime>15240500</CreaTime><ArcGISFormat>1.0</ArcGISFormat><ArcGISstyle>FGDC CSDGM Metadata</ArcGISstyle><SyncOnce>FALSE</SyncOnce><DataProperties><lineage><Process ToolSource="c:\program files (x86)\arcgis\desktop10.6\ArcToolbox\Toolboxes\Data Management Tools.tbx\CreateFeatureclass" Date="20190426" Time="081533">CreateFeatureclass \\10.18.8.65\RedirectedFolders$\DelandS\Desktop\Jobs\DamUpdates\20190418_dummy.gdb DAM_Ordered POINT # DISABLED DISABLED "PROJCS['NAD_1983_StatePlane_Connecticut_FIPS_0600_Feet',GEOGCS['GCS_North_American_1983',DATUM['D_North_American_1983',SPHEROID['GRS_1980',6378137.0,298.257222101]],PRIMEM['Greenwich',0.0],UNIT['Degree',0.0174532925199433]],PROJECTION['Lambert_Conformal_Conic'],PARAMETER['False_Easting',999999.999996],PARAMETER['False_Northing',499999.999998],PARAMETER['Central_Meridian',-72.75],PARAMETER['Standard_Parallel_1',41.2],PARAMETER['Standard_Parallel_2',41.86666666666667],PARAMETER['Latitude_Of_Origin',40.83333333333334],UNIT['Foot_US',0.3048006096012192]];-119756300 -96342500 3048.00609601219;-100000 10000;-100000 10000;3.28083333333333E-03;0.001;0.001;IsHighPrecision" # 0 0 0</Process><Process ToolSource="c:\program files (x86)\arcgis\desktop10.6\ArcToolbox\Toolboxes\Data Management Tools.tbx\Append" Date="20190426" Time="082331">Append DAM DAM_Ordered NO_TEST "DAM_NAME "DAM_NAME" true false false 100 Text 0 0 ,First,#,DAM,DAM_NAME,-1,-1;DAM_STATUS "DAM_STATUS" true false false 30 Text 0 0 ,First,#,DAM,DAM_STATUS,-1,-1;DAM_HAZ "DAM_HAZ" true false false 50 Text 0 0 ,First,#,DAM,DAM_HAZ,-1,-1;DAM_NO "DAM_NO" true false false 8 Double 0 0 ,First,#,DAM,DAM_NO,-1,-1;ALT_NAME "ALT_NAME" true false false 100 Text 0 0 ,First,#,DAM,ALT_NAME,-1,-1;QUAD_NO "QUAD_NO" true false false 8 Double 0 0 ,First,#,DAM,QUAD_NO,-1,-1;TOWN_NO "TOWN_NO" true false false 8 Double 0 0 ,First,#,DAM,TOWN_NO,-1,-1;TOWN "TOWN" true false false 150 Text 0 0 ,First,#,DAM,TOWN,-1,-1;OWNER "OWNER" true false false 2 Text 0 0 ,First,#,DAM,OWNER,-1,-1;SBAS_NO "SBAS_NO" true false false 8 Double 0 0 ,First,#,DAM,SBAS_NO,-1,-1;RBAS_NO "RBAS_NO" true false false 8 Double 0 0 ,First,#,DAM,RBAS_NO,-1,-1;MBAS_NO "MBAS_NO" true false false 8 Double 0 0 ,First,#,DAM,MBAS_NO,-1,-1;LONGITUDE "LONGITUDE" true false false 8 Double 0 0 ,First,#,DAM,LONGITUDE,-1,-1;LATITUDE "LATITUDE" true false false 8 Double 0 0 ,First,#,DAM,LATITUDE,-1,-1" #</Process><Process ToolSource="c:\program files\arcgis\pro\Resources\ArcToolbox\toolboxes\Data Management Tools.tbx\CopyFeatures" Date="20200116" Time="134540">CopyFeatures ct_dams_layer C:\proj\code\uri-whl\dam-atlas-project\results\results.gdb\ct_dams_f # # # #</Process><Process ToolSource="c:\program files\arcgis\pro\Resources\ArcToolbox\toolboxes\Data Management Tools.tbx\Project" Date="20200208" Time="104404">Project C:\proj\code\uri-whl\nedat-project\results\results.gdb\ct_dams_f C:\proj\code\uri-whl\nedat-project\results\scratch\scratch.gdb\next_fc41 GEOGCS['GCS_WGS_1984',DATUM['D_WGS_1984',SPHEROID['WGS_1984',6378137.0,298.257223563]],PRIMEM['Greenwich',0.0],UNIT['Degree',0.0174532925199433]] WGS_1984_(ITRF00)_To_NAD_1983 PROJCS['NAD_1983_StatePlane_Connecticut_FIPS_0600_Feet',GEOGCS['GCS_North_American_1983',DATUM['D_North_American_1983',SPHEROID['GRS_1980',6378137.0,298.257222101]],PRIMEM['Greenwich',0.0],UNIT['Degree',0.0174532925199433]],PROJECTION['Lambert_Conformal_Conic'],PARAMETER['False_Easting',999999.999996],PARAMETER['False_Northing',499999.999998],PARAMETER['Central_Meridian',-72.75],PARAMETER['Standard_Parallel_1',41.2],PARAMETER['Standard_Parallel_2',41.86666666666667],PARAMETER['Latitude_Of_Origin',40.83333333333334],UNIT['Foot_US',0.3048006096012192]] NO_PRESERVE_SHAPE # NO_VERTICAL</Process><Process ToolSource="c:\program files\arcgis\pro\Resources\ArcToolbox\toolboxes\Data Management Tools.tbx\AlterField" Date="20200208" Time="104406">AlterField C:\proj\code\uri-whl\nedat-project\results\scratch\scratch.gdb\next_fc41 OBJECTID OBJECTID_CT # "Long (large integer)" 4 NULLABLE DO_NOT_CLEAR</Process><Process ToolSource="c:\program files\arcgis\pro\Resources\ArcToolbox\toolboxes\Data Management Tools.tbx\AlterField" Date="20200208" Time="104407">AlterField C:\proj\code\uri-whl\nedat-project\results\scratch\scratch.gdb\next_fc41 DAM_NAME DAM_NAME_CT # Text 100 NULLABLE DO_NOT_CLEAR</Process><Process ToolSource="c:\program files\arcgis\pro\Resources\ArcToolbox\toolboxes\Data Management Tools.tbx\AlterField" Date="20200208" Time="104409">AlterField C:\proj\code\uri-whl\nedat-project\results\scratch\scratch.gdb\next_fc41 DAM_STATUS DAM_STATUS_CT # Text 30 NULLABLE DO_NOT_CLEAR</Process><Process ToolSource="c:\program files\arcgis\pro\Resources\ArcToolbox\toolboxes\Data Management Tools.tbx\AlterField" Date="20200208" Time="104409">AlterField C:\proj\code\uri-whl\nedat-project\results\scratch\scratch.gdb\next_fc41 DAM_HAZ DAM_HAZ_CT # Text 50 NULLABLE DO_NOT_CLEAR</Process><Process ToolSource="c:\program files\arcgis\pro\Resources\ArcToolbox\toolboxes\Data Management Tools.tbx\AlterField" Date="20200208" Time="104410">AlterField C:\proj\code\uri-whl\nedat-project\results\scratch\scratch.gdb\next_fc41 DAM_NO DAM_NO_CT # "Double (double precision)" 8 NULLABLE DO_NOT_CLEAR</Process><Process ToolSource="c:\program files\arcgis\pro\Resources\ArcToolbox\toolboxes\Data Management Tools.tbx\AlterField" Date="20200208" Time="104410">AlterField C:\proj\code\uri-whl\nedat-project\results\scratch\scratch.gdb\next_fc41 ALT_NAME ALT_NAME_CT # Text 100 NULLABLE DO_NOT_CLEAR</Process><Process ToolSource="c:\program files\arcgis\pro\Resources\ArcToolbox\toolboxes\Data Management Tools.tbx\AlterField" Date="20200208" Time="104411">AlterField C:\proj\code\uri-whl\nedat-project\results\scratch\scratch.gdb\next_fc41 QUAD_NO QUAD_NO_CT # "Double (double precision)" 8 NULLABLE DO_NOT_CLEAR</Process><Process ToolSource="c:\program files\arcgis\pro\Resources\ArcToolbox\toolboxes\Data Management Tools.tbx\AlterField" Date="20200208" Time="104412">AlterField C:\proj\code\uri-whl\nedat-project\results\scratch\scratch.gdb\next_fc41 TOWN_NO TOWN_NO_CT # "Double (double precision)" 8 NULLABLE DO_NOT_CLEAR</Process><Process ToolSource="c:\program files\arcgis\pro\Resources\ArcToolbox\toolboxes\Data Management Tools.tbx\AlterField" Date="20200208" Time="104412">AlterField C:\proj\code\uri-whl\nedat-project\results\scratch\scratch.gdb\next_fc41 TOWN TOWN_CT # Text 150 NULLABLE DO_NOT_CLEAR</Process><Process ToolSource="c:\program files\arcgis\pro\Resources\ArcToolbox\toolboxes\Data Management Tools.tbx\AlterField" Date="20200208" Time="104413">AlterField C:\proj\code\uri-whl\nedat-project\results\scratch\scratch.gdb\next_fc41 OWNER OWNER_CT # Text 2 NULLABLE DO_NOT_CLEAR</Process><Process ToolSource="c:\program files\arcgis\pro\Resources\ArcToolbox\toolboxes\Data Management Tools.tbx\AlterField" Date="20200208" Time="104413">AlterField C:\proj\code\uri-whl\nedat-project\results\scratch\scratch.gdb\next_fc41 SBAS_NO SBAS_NO_CT # "Double (double precision)" 8 NULLABLE DO_NOT_CLEAR</Process><Process ToolSource="c:\program files\arcgis\pro\Resources\ArcToolbox\toolboxes\Data Management Tools.tbx\AlterField" Date="20200208" Time="104414">AlterField C:\proj\code\uri-whl\nedat-project\results\scratch\scratch.gdb\next_fc41 RBAS_NO RBAS_NO_CT # "Double (double precision)" 8 NULLABLE DO_NOT_CLEAR</Process><Process ToolSource="c:\program files\arcgis\pro\Resources\ArcToolbox\toolboxes\Data Management Tools.tbx\AlterField" Date="20200208" Time="104414">AlterField C:\proj\code\uri-whl\nedat-project\results\scratch\scratch.gdb\next_fc41 MBAS_NO MBAS_NO_CT # "Double (double precision)" 8 NULLABLE DO_NOT_CLEAR</Process><Process ToolSource="c:\program files\arcgis\pro\Resources\ArcToolbox\toolboxes\Data Management Tools.tbx\AlterField" Date="20200208" Time="104415">AlterField C:\proj\code\uri-whl\nedat-project\results\scratch\scratch.gdb\next_fc41 LONGITUDE LONGITUDE_CT # "Double (double precision)" 8 NULLABLE DO_NOT_CLEAR</Process><Process ToolSource="c:\program files\arcgis\pro\Resources\ArcToolbox\toolboxes\Data Management Tools.tbx\AlterField" Date="20200208" Time="104415">AlterField C:\proj\code\uri-whl\nedat-project\results\scratch\scratch.gdb\next_fc41 LATITUDE LATITUDE_CT # "Double (double precision)" 8 NULLABLE DO_NOT_CLEAR</Process><Process ToolSource="c:\program files\arcgis\pro\Resources\ArcToolbox\toolboxes\Data Management Tools.tbx\AddField" Date="20200208" Time="104416">AddField C:\proj\code\uri-whl\nedat-project\results\scratch\scratch.gdb\next_fc41 STATE Text # # 2 # NULLABLE NON_REQUIRED #</Process><Process ToolSource="c:\program files\arcgis\pro\Resources\ArcToolbox\toolboxes\Data Management Tools.tbx\CalculateField" Date="20200208" Time="104417">CalculateField C:\proj\code\uri-whl\nedat-project\results\scratch\scratch.gdb\next_fc41 STATE 'CT' "Python 3" #</Process><Process ToolSource="c:\program files\arcgis\pro\Resources\ArcToolbox\toolboxes\Data Management Tools.tbx\AddField" Date="20200208" Time="104417">AddField C:\proj\code\uri-whl\nedat-project\results\scratch\scratch.gdb\next_fc41 DATA_SOURCE Text # # # # NULLABLE NON_REQUIRED #</Process><Process ToolSource="c:\program files\arcgis\pro\Resources\ArcToolbox\toolboxes\Data Management Tools.tbx\CalculateField" Date="20200208" Time="104418">CalculateField C:\proj\code\uri-whl\nedat-project\results\scratch\scratch.gdb\next_fc41 DATA_SOURCE 'ct gis' "Python 3" #</Process><Process ToolSource="c:\program files\arcgis\pro\Resources\ArcToolbox\toolboxes\Data Management Tools.tbx\AddField" Date="20200208" Time="104418">AddField C:\proj\code\uri-whl\nedat-project\results\scratch\scratch.gdb\next_fc41 DATE_DOWNLOAD Text # # # # NULLABLE NON_REQUIRED #</Process><Process ToolSource="c:\program files\arcgis\pro\Resources\ArcToolbox\toolboxes\Data Management Tools.tbx\CalculateField" Date="20200208" Time="104419">CalculateField C:\proj\code\uri-whl\nedat-project\results\scratch\scratch.gdb\next_fc41 DATE_DOWNLOAD '2020-01-16' "Python 3" #</Process><Process ToolSource="c:\program files\arcgis\pro\Resources\ArcToolbox\toolboxes\Data Management Tools.tbx\Merge" Date="20200208" Time="104630">Merge C:\proj\code\uri-whl\nedat-project\results\scratch\scratch.gdb\next_fc41;C:\proj\code\uri-whl\nedat-project\results\scratch\scratch.gdb\next_fc42;C:\proj\code\uri-whl\nedat-project\results\scratch\scratch.gdb\next_fc43;C:\proj\code\uri-whl\nedat-project\results\scratch\scratch.gdb\next_fc44;C:\proj\code\uri-whl\nedat-project\results\scratch\scratch.gdb\next_fc45;C:\proj\code\uri-whl\nedat-project\results\scratch\scratch.gdb\next_fc46 C:\proj\code\uri-whl\nedat-project\results\scratch\scratch.gdb\next_fc47 "OBJECTID_CT "OBJECTID" true true false 4 Long 0 0,First,#,C:\proj\code\uri-whl\nedat-project\results\scratch\scratch.gdb\next_fc41,OBJECTID_CT,-1,-1;DAM_NAME_CT "DAM_NAME" true true false 100 Text 0 0,First,#,C:\proj\code\uri-whl\nedat-project\results\scratch\scratch.gdb\next_fc41,DAM_NAME_CT,0,100;DAM_STATUS_CT "DAM_STATUS" true true false 30 Text 0 0,First,#,C:\proj\code\uri-whl\nedat-project\results\scratch\scratch.gdb\next_fc41,DAM_STATUS_CT,0,30;DAM_HAZ_CT "DAM_HAZ" true true false 50 Text 0 0,First,#,C:\proj\code\uri-whl\nedat-project\results\scratch\scratch.gdb\next_fc41,DAM_HAZ_CT,0,50;DAM_NO_CT "DAM_NO" true true false 8 Double 0 0,First,#,C:\proj\code\uri-whl\nedat-project\results\scratch\scratch.gdb\next_fc41,DAM_NO_CT,-1,-1;ALT_NAME_CT "ALT_NAME" true true false 100 Text 0 0,First,#,C:\proj\code\uri-whl\nedat-project\results\scratch\scratch.gdb\next_fc41,ALT_NAME_CT,0,100;QUAD_NO_CT "QUAD_NO" true true false 8 Double 0 0,First,#,C:\proj\code\uri-whl\nedat-project\results\scratch\scratch.gdb\next_fc41,QUAD_NO_CT,-1,-1;TOWN_NO_CT "TOWN_NO" true true false 8 Double 0 0,First,#,C:\proj\code\uri-whl\nedat-project\results\scratch\scratch.gdb\next_fc41,TOWN_NO_CT,-1,-1;TOWN_CT "TOWN" true true false 150 Text 0 0,First,#,C:\proj\code\uri-whl\nedat-project\results\scratch\scratch.gdb\next_fc41,TOWN_CT,0,150;OWNER_CT "OWNER" true true false 2 Text 0 0,First,#,C:\proj\code\uri-whl\nedat-project\results\scratch\scratch.gdb\next_fc41,OWNER_CT,0,2;SBAS_NO_CT "SBAS_NO" true true false 8 Double 0 0,First,#,C:\proj\code\uri-whl\nedat-project\results\scratch\scratch.gdb\next_fc41,SBAS_NO_CT,-1,-1;RBAS_NO_CT "RBAS_NO" true true false 8 Double 0 0,First,#,C:\proj\code\uri-whl\nedat-project\results\scratch\scratch.gdb\next_fc41,RBAS_NO_CT,-1,-1;MBAS_NO_CT "MBAS_NO" true true false 8 Double 0 0,First,#,C:\proj\code\uri-whl\nedat-project\results\scratch\scratch.gdb\next_fc41,MBAS_NO_CT,-1,-1;LONGITUDE_CT "LONGITUDE" true true false 8 Double 0 0,First,#,C:\proj\code\uri-whl\nedat-project\results\scratch\scratch.gdb\next_fc41,LONGITUDE_CT,-1,-1;LATITUDE_CT "LATITUDE" true true false 8 Double 0 0,First,#,C:\proj\code\uri-whl\nedat-project\results\scratch\scratch.gdb\next_fc41,LATITUDE_CT,-1,-1;STATE "STATE" true true false 2 Text 0 0,First,#,C:\proj\code\uri-whl\nedat-project\results\scratch\scratch.gdb\next_fc41,STATE,0,2,C:\proj\code\uri-whl\nedat-project\results\scratch\scratch.gdb\next_fc42,STATE,0,2,C:\proj\code\uri-whl\nedat-project\results\scratch\scratch.gdb\next_fc43,STATE,0,2,C:\proj\code\uri-whl\nedat-project\results\scratch\scratch.gdb\next_fc44,STATE,0,2,C:\proj\code\uri-whl\nedat-project\results\scratch\scratch.gdb\next_fc45,STATE,0,2,C:\proj\code\uri-whl\nedat-project\results\scratch\scratch.gdb\next_fc46,STATE,0,2;DATA_SOURCE "DATA_SOURCE" true true false 255 Text 0 0,First,#,C:\proj\code\uri-whl\nedat-project\results\scratch\scratch.gdb\next_fc41,DATA_SOURCE,0,255,C:\proj\code\uri-whl\nedat-project\results\scratch\scratch.gdb\next_fc42,DATA_SOURCE,0,255,C:\proj\code\uri-whl\nedat-project\results\scratch\scratch.gdb\next_fc43,DATA_SOURCE,0,255,C:\proj\code\uri-whl\nedat-project\results\scratch\scratch.gdb\next_fc44,DATA_SOURCE,0,255,C:\proj\code\uri-whl\nedat-project\results\scratch\scratch.gdb\next_fc45,DATA_SOURCE,0,255,C:\proj\code\uri-whl\nedat-project\results\scratch\scratch.gdb\next_fc46,DATA_SOURCE,0,255;DATE_DOWNLOAD "DATE_DOWNLOAD" true true false 255 Text 0 0,First,#,C:\proj\code\uri-whl\nedat-project\results\scratch\scratch.gdb\next_fc41,DATE_DOWNLOAD,0,255,C:\proj\code\uri-whl\nedat-project\results\scratch\scratch.gdb\next_fc42,DATE_DOWNLOAD,0,255,C:\proj\code\uri-whl\nedat-project\results\scratch\scratch.gdb\next_fc43,DATE_DOWNLOAD,0,255,C:\proj\code\uri-whl\nedat-project\results\scratch\scratch.gdb\next_fc44,DATE_DOWNLOAD,0,255,C:\proj\code\uri-whl\nedat-project\results\scratch\scratch.gdb\next_fc45,DATE_DOWNLOAD,0,255,C:\proj\code\uri-whl\nedat-project\results\scratch\scratch.gdb\next_fc46,DATE_DOWNLOAD,0,255;NATID_MA "NATID" true true false 254 Text 0 0,First,#,C:\proj\code\uri-whl\nedat-project\results\scratch\scratch.gdb\next_fc42,NATID_MA,0,254;REGAUTH_MA "REGAUTH" true true false 254 Text 0 0,First,#,C:\proj\code\uri-whl\nedat-project\results\scratch\scratch.gdb\next_fc42,REGAUTH_MA,0,254;OWNTYPE1_MA "OWNTYPE1" true true false 254 Text 0 0,First,#,C:\proj\code\uri-whl\nedat-project\results\scratch\scratch.gdb\next_fc42,OWNTYPE1_MA,0,254;OWNTYPE2_MA "OWNTYPE2" true true false 254 Text 0 0,First,#,C:\proj\code\uri-whl\nedat-project\results\scratch\scratch.gdb\next_fc42,OWNTYPE2_MA,0,254;OWNTYPE3_MA "OWNTYPE3" true true false 254 Text 0 0,First,#,C:\proj\code\uri-whl\nedat-project\results\scratch\scratch.gdb\next_fc42,OWNTYPE3_MA,0,254;MGMTUNIT_MA "MGMTUNIT" true true false 254 Text 0 0,First,#,C:\proj\code\uri-whl\nedat-project\results\scratch\scratch.gdb\next_fc42,MGMTUNIT_MA,0,254;TOWN_MA "TOWN" true true false 254 Text 0 0,First,#,C:\proj\code\uri-whl\nedat-project\results\scratch\scratch.gdb\next_fc42,TOWN_MA,0,254;DAMLAT_MA "DAMLAT" true true false 8 Double 0 0,First,#,C:\proj\code\uri-whl\nedat-project\results\scratch\scratch.gdb\next_fc42,DAMLAT_MA,-1,-1;DAMLONG_MA "DAMLONG" true true false 8 Double 0 0,First,#,C:\proj\code\uri-whl\nedat-project\results\scratch\scratch.gdb\next_fc42,DAMLONG_MA,-1,-1;LOCSTATUS_MA "LOCSTATUS" true true false 30 Text 0 0,First,#,C:\proj\code\uri-whl\nedat-project\results\scratch\scratch.gdb\next_fc42,LOCSTATUS_MA,0,30;DAMNAME_MA "DAMNAME" true true false 254 Text 0 0,First,#,C:\proj\code\uri-whl\nedat-project\results\scratch\scratch.gdb\next_fc42,DAMNAME_MA,0,254;HAZCODE_MA "HAZCODE" true true false 254 Text 0 0,First,#,C:\proj\code\uri-whl\nedat-project\results\scratch\scratch.gdb\next_fc42,HAZCODE_MA,0,254;UNIQUEID_ME "UNIQUEID" true true false 8 Double 0 0,First,#,C:\proj\code\uri-whl\nedat-project\results\scratch\scratch.gdb\next_fc43,UNIQUEID_ME,-1,-1;ID_ME "ID" true true false 7 Text 0 0,First,#,C:\proj\code\uri-whl\nedat-project\results\scratch\scratch.gdb\next_fc43,ID_ME,0,7;NAME_ME "NAME" true true false 65 Text 0 0,First,#,C:\proj\code\uri-whl\nedat-project\results\scratch\scratch.gdb\next_fc43,NAME_ME,0,65;POP_NAME_ME "POP_NAME" true true false 65 Text 0 0,First,#,C:\proj\code\uri-whl\nedat-project\results\scratch\scratch.gdb\next_fc43,POP_NAME_ME,0,65;RIVER_ME "RIVER" true true false 30 Text 0 0,First,#,C:\proj\code\uri-whl\nedat-project\results\scratch\scratch.gdb\next_fc43,RIVER_ME,0,30;OWNER_ME "OWNER" true true false 50 Text 0 0,First,#,C:\proj\code\uri-whl\nedat-project\results\scratch\scratch.gdb\next_fc43,OWNER_ME,0,50;OWNER_CODE_ME "OWNER_CODE" true true false 1 Text 0 0,First,#,C:\proj\code\uri-whl\nedat-project\results\scratch\scratch.gdb\next_fc43,OWNER_CODE_ME,0,1;PVT_FED_ME "PVT_FED" true true false 1 Text 0 0,First,#,C:\proj\code\uri-whl\nedat-project\results\scratch\scratch.gdb\next_fc43,PVT_FED_ME,0,1;MAJ_TYPE_ME "MAJ_TYPE" true true false 6 Text 0 0,First,#,C:\proj\code\uri-whl\nedat-project\results\scratch\scratch.gdb\next_fc43,MAJ_TYPE_ME,0,6;MAJ_PURPOS_ME "MAJ_PURPOS" true true false 8 Text 0 0,First,#,C:\proj\code\uri-whl\nedat-project\results\scratch\scratch.gdb\next_fc43,MAJ_PURPOS_ME,0,8;YEAR_COMPL_ME "YEAR_COMPL" true true false 6 Text 0 0,First,#,C:\proj\code\uri-whl\nedat-project\results\scratch\scratch.gdb\next_fc43,YEAR_COMPL_ME,0,6;LENGTH_ME "LENGTH" true true false 8 Double 0 0,First,#,C:\proj\code\uri-whl\nedat-project\results\scratch\scratch.gdb\next_fc43,LENGTH_ME,-1,-1;STRUCT_HGT_ME "STRUCT_HGT" true true false 8 Double 0 0,First,#,C:\proj\code\uri-whl\nedat-project\results\scratch\scratch.gdb\next_fc43,STRUCT_HGT_ME,-1,-1;HYDRAUL_HG_ME "HYDRAUL_HG" true true false 8 Double 0 0,First,#,C:\proj\code\uri-whl\nedat-project\results\scratch\scratch.gdb\next_fc43,HYDRAUL_HG_ME,-1,-1;MAX_CAP_ME "MAX_CAP" true true false 8 Double 0 0,First,#,C:\proj\code\uri-whl\nedat-project\results\scratch\scratch.gdb\next_fc43,MAX_CAP_ME,-1,-1;NORM_CAP_ME "NORM_CAP" true true false 8 Double 0 0,First,#,C:\proj\code\uri-whl\nedat-project\results\scratch\scratch.gdb\next_fc43,NORM_CAP_ME,-1,-1;HAZARD_CD_ME "HAZARD_CD" true true false 1 Text 0 0,First,#,C:\proj\code\uri-whl\nedat-project\results\scratch\scratch.gdb\next_fc43,HAZARD_CD_ME,0,1;P1_INSP_ME "P1_INSP" true true false 1 Text 0 0,First,#,C:\proj\code\uri-whl\nedat-project\results\scratch\scratch.gdb\next_fc43,P1_INSP_ME,0,1;INSP_INIT_ME "INSP_INIT" true true false 9 Text 0 0,First,#,C:\proj\code\uri-whl\nedat-project\results\scratch\scratch.gdb\next_fc43,INSP_INIT_ME,0,9;STATE_REG_ME "STATE_REG" true true false 30 Text 0 0,First,#,C:\proj\code\uri-whl\nedat-project\results\scratch\scratch.gdb\next_fc43,STATE_REG_ME,0,30;LAST_UPD_ME "LAST_UPD" true true false 9 Text 0 0,First,#,C:\proj\code\uri-whl\nedat-project\results\scratch\scratch.gdb\next_fc43,LAST_UPD_ME,0,9;DIST_CITY_ME "DIST_CITY" true true false 8 Double 0 0,First,#,C:\proj\code\uri-whl\nedat-project\results\scratch\scratch.gdb\next_fc43,DIST_CITY_ME,-1,-1;MAX_DISC_ME "MAX_DISC" true true false 8 Double 0 0,First,#,C:\proj\code\uri-whl\nedat-project\results\scratch\scratch.gdb\next_fc43,MAX_DISC_ME,-1,-1;DEP_ID_ME "DEP_ID" true true false 8 Double 0 0,First,#,C:\proj\code\uri-whl\nedat-project\results\scratch\scratch.gdb\next_fc43,DEP_ID_ME,-1,-1;COMMENTS_ME "COMMENTS" true true false 25 Text 0 0,First,#,C:\proj\code\uri-whl\nedat-project\results\scratch\scratch.gdb\next_fc43,COMMENTS_ME,0,25;DELORME_NA_ME "DELORME_NA" true true false 16 Text 0 0,First,#,C:\proj\code\uri-whl\nedat-project\results\scratch\scratch.gdb\next_fc43,DELORME_NA_ME,0,16;FMSRC_ME "FMSRC" true true false 12 Text 0 0,First,#,C:\proj\code\uri-whl\nedat-project\results\scratch\scratch.gdb\next_fc43,FMSRC_ME,0,12;FMPROCSS_ME "FMPROCSS" true true false 12 Text 0 0,First,#,C:\proj\code\uri-whl\nedat-project\results\scratch\scratch.gdb\next_fc43,FMPROCSS_ME,0,12;FMUPDORG_ME "FMUPDORG" true true false 12 Text 0 0,First,#,C:\proj\code\uri-whl\nedat-project\results\scratch\scratch.gdb\next_fc43,FMUPDORG_ME,0,12;FMUPDDAT_ME "FMUPDDAT" true true false 8 Date 0 0,First,#,C:\proj\code\uri-whl\nedat-project\results\scratch\scratch.gdb\next_fc43,FMUPDDAT_ME,-1,-1;AMUPDORG_ME "AMUPDORG" true true false 12 Text 0 0,First,#,C:\proj\code\uri-whl\nedat-project\results\scratch\scratch.gdb\next_fc43,AMUPDORG_ME,0,12;AMUPDDAT_ME "AMUPDDAT" true true false 8 Date 0 0,First,#,C:\proj\code\uri-whl\nedat-project\results\scratch\scratch.gdb\next_fc43,AMUPDDAT_ME,-1,-1;SOURCE_ME "SOURCE" true true false 2 Short 0 0,First,#,C:\proj\code\uri-whl\nedat-project\results\scratch\scratch.gdb\next_fc43,SOURCE_ME,-1,-1;DONE_ME "DONE" true true false 2 Short 0 0,First,#,C:\proj\code\uri-whl\nedat-project\results\scratch\scratch.gdb\next_fc43,DONE_ME,-1,-1;MEMA_ID_ME "MEMA_ID" true true false 50 Text 0 0,First,#,C:\proj\code\uri-whl\nedat-project\results\scratch\scratch.gdb\next_fc43,MEMA_ID_ME,0,50;HOTLINK_ME "HOTLINK" true true false 254 Text 0 0,First,#,C:\proj\code\uri-whl\nedat-project\results\scratch\scratch.gdb\next_fc43,HOTLINK_ME,0,254;STARTLEFT_ME "STARTLEFT" true true false 8 Double 0 0,First,#,C:\proj\code\uri-whl\nedat-project\results\scratch\scratch.gdb\next_fc43,STARTLEFT_ME,-1,-1;STARTRIGHT_ME "STARTRIGHT" true true false 8 Double 0 0,First,#,C:\proj\code\uri-whl\nedat-project\results\scratch\scratch.gdb\next_fc43,STARTRIGHT_ME,-1,-1;STARTTOP_ME "STARTTOP" true true false 8 Double 0 0,First,#,C:\proj\code\uri-whl\nedat-project\results\scratch\scratch.gdb\next_fc43,STARTTOP_ME,-1,-1;STARTBOTTO_ME "STARTBOTTO" true true false 8 Double 0 0,First,#,C:\proj\code\uri-whl\nedat-project\results\scratch\scratch.gdb\next_fc43,STARTBOTTO_ME,-1,-1;DAM_NH "DAM" true true false 10 Text 0 0,First,#,C:\proj\code\uri-whl\nedat-project\results\scratch\scratch.gdb\next_fc44,DAM_NH,0,10;HAZCL_NH "HAZCL" true true false 2 Text 0 0,First,#,C:\proj\code\uri-whl\nedat-project\results\scratch\scratch.gdb\next_fc44,HAZCL_NH,0,2;STATUS_NH "STATUS" true true false 16 Text 0 0,First,#,C:\proj\code\uri-whl\nedat-project\results\scratch\scratch.gdb\next_fc44,STATUS_NH,0,16;USE_NH "USE" true true false 1 Text 0 0,First,#,C:\proj\code\uri-whl\nedat-project\results\scratch\scratch.gdb\next_fc44,USE_NH,0,1;TOWN_NH "TOWN" true true false 22 Text 0 0,First,#,C:\proj\code\uri-whl\nedat-project\results\scratch\scratch.gdb\next_fc44,TOWN_NH,0,22;NAME_NH "NAME" true true false 35 Text 0 0,First,#,C:\proj\code\uri-whl\nedat-project\results\scratch\scratch.gdb\next_fc44,NAME_NH,0,35;CNTY_NH "CNTY" true true false 12 Text 0 0,First,#,C:\proj\code\uri-whl\nedat-project\results\scratch\scratch.gdb\next_fc44,CNTY_NH,0,12;RIVER_NH "RIVER" true true false 32 Text 0 0,First,#,C:\proj\code\uri-whl\nedat-project\results\scratch\scratch.gdb\next_fc44,RIVER_NH,0,32;LENGTH_NH "LENGTH" true true false 8 Double 0 0,First,#,C:\proj\code\uri-whl\nedat-project\results\scratch\scratch.gdb\next_fc44,LENGTH_NH,-1,-1;IMPND_NH "IMPND" true true false 8 Double 0 0,First,#,C:\proj\code\uri-whl\nedat-project\results\scratch\scratch.gdb\next_fc44,IMPND_NH,-1,-1;HEIGHT_NH "HEIGHT" true true false 8 Double 0 0,First,#,C:\proj\code\uri-whl\nedat-project\results\scratch\scratch.gdb\next_fc44,HEIGHT_NH,-1,-1;DASM_NH "DASM" true true false 8 Double 0 0,First,#,C:\proj\code\uri-whl\nedat-project\results\scratch\scratch.gdb\next_fc44,DASM_NH,-1,-1;NATDAMID_NH "NATDAMID" true true false 7 Text 0 0,First,#,C:\proj\code\uri-whl\nedat-project\results\scratch\scratch.gdb\next_fc44,NATDAMID_NH,0,7;FERC_NH "FERC" true true false 12 Text 0 0,First,#,C:\proj\code\uri-whl\nedat-project\results\scratch\scratch.gdb\next_fc44,FERC_NH,0,12;DOWNER_NH "DOWNER" true true false 42 Text 0 0,First,#,C:\proj\code\uri-whl\nedat-project\results\scratch\scratch.gdb\next_fc44,DOWNER_NH,0,42;LATITUDE_NH "LATITUDE" true true false 8 Double 0 0,First,#,C:\proj\code\uri-whl\nedat-project\results\scratch\scratch.gdb\next_fc44,LATITUDE_NH,-1,-1;LONGITUDE_NH "LONGITUDE" true true false 8 Double 0 0,First,#,C:\proj\code\uri-whl\nedat-project\results\scratch\scratch.gdb\next_fc44,LONGITUDE_NH,-1,-1;OBJECTID_RI "OBJECTID" true true false 4 Long 0 0,First,#,C:\proj\code\uri-whl\nedat-project\results\scratch\scratch.gdb\next_fc45,OBJECTID_RI,-1,-1;STATE_ID_RI "STATE_ID" true true false 80 Text 0 0,First,#,C:\proj\code\uri-whl\nedat-project\results\scratch\scratch.gdb\next_fc45,STATE_ID_RI,0,80;NAME_RI "NAME" true true false 80 Text 0 0,First,#,C:\proj\code\uri-whl\nedat-project\results\scratch\scratch.gdb\next_fc45,NAME_RI,0,80;ALT_NAME_RI "ALT_NAME" true true false 80 Text 0 0,First,#,C:\proj\code\uri-whl\nedat-project\results\scratch\scratch.gdb\next_fc45,ALT_NAME_RI,0,80;DAM_TYPE_RI "DAM_TYPE" true true false 80 Text 0 0,First,#,C:\proj\code\uri-whl\nedat-project\results\scratch\scratch.gdb\next_fc45,DAM_TYPE_RI,0,80;OBJECTID_1_RI "OBJECTID" true true false 4 Long 0 0,First,#,C:\proj\code\uri-whl\nedat-project\results\scratch\scratch.gdb\next_fc45,OBJECTID_1_RI,-1,-1;STATE_ID_1_RI "STATE ID" true true false 4 Long 0 0,First,#,C:\proj\code\uri-whl\nedat-project\results\scratch\scratch.gdb\next_fc45,STATE_ID_1_RI,-1,-1;DAM_NAME_RI "DAM NAME" true true false 8000 Text 0 0,First,#,C:\proj\code\uri-whl\nedat-project\results\scratch\scratch.gdb\next_fc45,DAM_NAME_RI,0,8000;OTHER__NAME_RI "OTHER  NAME" true true false 8000 Text 0 0,First,#,C:\proj\code\uri-whl\nedat-project\results\scratch\scratch.gdb\next_fc45,OTHER__NAME_RI,0,8000;NID_RI "NID" true true false 8000 Text 0 0,First,#,C:\proj\code\uri-whl\nedat-project\results\scratch\scratch.gdb\next_fc45,NID_RI,0,8000;NO_STRUCTURES_RI "NO STRUCTURES" true true false 4 Long 0 0,First,#,C:\proj\code\uri-whl\nedat-project\results\scratch\scratch.gdb\next_fc45,NO_STRUCTURES_RI,-1,-1;OTHER_STRUCT_ID_RI "OTHER STRUCT ID" true true false 8000 Text 0 0,First,#,C:\proj\code\uri-whl\nedat-project\results\scratch\scratch.gdb\next_fc45,OTHER_STRUCT_ID_RI,0,8000;LONGITUDE_RI "LONGITUDE" true true false 8 Double 0 0,First,#,C:\proj\code\uri-whl\nedat-project\results\scratch\scratch.gdb\next_fc45,LONGITUDE_RI,-1,-1;LATITUDE_RI "LATITUDE" true true false 8 Double 0 0,First,#,C:\proj\code\uri-whl\nedat-project\results\scratch\scratch.gdb\next_fc45,LATITUDE_RI,-1,-1;COUNTY_RI "COUNTY" true true false 8000 Text 0 0,First,#,C:\proj\code\uri-whl\nedat-project\results\scratch\scratch.gdb\next_fc45,COUNTY_RI,0,8000;CITY_TOWN_RI "CITY/TOWN" true true false 8000 Text 0 0,First,#,C:\proj\code\uri-whl\nedat-project\results\scratch\scratch.gdb\next_fc45,CITY_TOWN_RI,0,8000;RIVER_STREAM_RI "RIVER/STREAM" true true false 8000 Text 0 0,First,#,C:\proj\code\uri-whl\nedat-project\results\scratch\scratch.gdb\next_fc45,RIVER_STREAM_RI,0,8000;YR_COMPLETED_RI "YR COMPLETED" true true false 4 Long 0 0,First,#,C:\proj\code\uri-whl\nedat-project\results\scratch\scratch.gdb\next_fc45,YR_COMPLETED_RI,-1,-1;PURPOSES_RI "PURPOSES" true true false 8000 Text 0 0,First,#,C:\proj\code\uri-whl\nedat-project\results\scratch\scratch.gdb\next_fc45,PURPOSES_RI,0,8000;DRINKING_WATER_RI "DRINKING WATER" true true false 8000 Text 0 0,First,#,C:\proj\code\uri-whl\nedat-project\results\scratch\scratch.gdb\next_fc45,DRINKING_WATER_RI,0,8000;DAM_TYPE_1_RI "DAM TYPE" true true false 8000 Text 0 0,First,#,C:\proj\code\uri-whl\nedat-project\results\scratch\scratch.gdb\next_fc45,DAM_TYPE_1_RI,0,8000;LENGTH__FT__RI "LENGTH (FT)" true true false 4 Long 0 0,First,#,C:\proj\code\uri-whl\nedat-project\results\scratch\scratch.gdb\next_fc45,LENGTH__FT__RI,-1,-1;HT__FT__EST_RI "HT (FT) EST" true true false 8 Double 0 0,First,#,C:\proj\code\uri-whl\nedat-project\results\scratch\scratch.gdb\next_fc45,HT__FT__EST_RI,-1,-1;HT__FT__RI "HT (FT)" true true false 8 Double 0 0,First,#,C:\proj\code\uri-whl\nedat-project\results\scratch\scratch.gdb\next_fc45,HT__FT__RI,-1,-1;STRUCT_HT_FT__RI "STRUCT HT(FT)" true true false 8 Double 0 0,First,#,C:\proj\code\uri-whl\nedat-project\results\scratch\scratch.gdb\next_fc45,STRUCT_HT_FT__RI,-1,-1;HYD_HT_FT__RI "HYD HT(FT)" true true false 8 Double 0 0,First,#,C:\proj\code\uri-whl\nedat-project\results\scratch\scratch.gdb\next_fc45,HYD_HT_FT__RI,-1,-1;SPILL_W_FT__RI "SPILL W(FT)" true true false 8 Double 0 0,First,#,C:\proj\code\uri-whl\nedat-project\results\scratch\scratch.gdb\next_fc45,SPILL_W_FT__RI,-1,-1;SPILL_HT_FT__RI "SPILL HT(FT)" true true false 8 Double 0 0,First,#,C:\proj\code\uri-whl\nedat-project\results\scratch\scratch.gdb\next_fc45,SPILL_HT_FT__RI,-1,-1;SPILL_MAX_D_FT__RI "SPILL MAX D(FT)" true true false 8 Double 0 0,First,#,C:\proj\code\uri-whl\nedat-project\results\scratch\scratch.gdb\next_fc45,SPILL_MAX_D_FT__RI,-1,-1;NORM_STOR_AC_FT__RI "NORM STOR(AC-FT)" true true false 4 Long 0 0,First,#,C:\proj\code\uri-whl\nedat-project\results\scratch\scratch.gdb\next_fc45,NORM_STOR_AC_FT__RI,-1,-1;MAX_STOR_AC_FT__RI "MAX STOR(AC-FT)" true true false 4 Long 0 0,First,#,C:\proj\code\uri-whl\nedat-project\results\scratch\scratch.gdb\next_fc45,MAX_STOR_AC_FT__RI,-1,-1;NORM_SURF_AREA_AC__RI "NORM SURF AREA(AC)" true true false 4 Long 0 0,First,#,C:\proj\code\uri-whl\nedat-project\results\scratch\scratch.gdb\next_fc45,NORM_SURF_AREA_AC__RI,-1,-1;DRN_AREA_SQ_MI__RI "DRN AREA(SQ MI)" true true false 8 Double 0 0,First,#,C:\proj\code\uri-whl\nedat-project\results\scratch\scratch.gdb\next_fc45,DRN_AREA_SQ_MI__RI,-1,-1;SW_MAX__CFS__RI "SW MAX (CFS)" true true false 4 Long 0 0,First,#,C:\proj\code\uri-whl\nedat-project\results\scratch\scratch.gdb\next_fc45,SW_MAX__CFS__RI,-1,-1;OUTMAX_CFS__RI "OUTMAX(CFS)" true true false 8 Double 0 0,First,#,C:\proj\code\uri-whl\nedat-project\results\scratch\scratch.gdb\next_fc45,OUTMAX_CFS__RI,-1,-1;FRESHET_CFS__RI "FRESHET(CFS)" true true false 4 Long 0 0,First,#,C:\proj\code\uri-whl\nedat-project\results\scratch\scratch.gdb\next_fc45,FRESHET_CFS__RI,-1,-1;HIST_HAZARD_RI "HIST HAZARD" true true false 8000 Text 0 0,First,#,C:\proj\code\uri-whl\nedat-project\results\scratch\scratch.gdb\next_fc45,HIST_HAZARD_RI,0,8000;HIST_SOURCE_RI "HIST SOURCE" true true false 8000 Text 0 0,First,#,C:\proj\code\uri-whl\nedat-project\results\scratch\scratch.gdb\next_fc45,HIST_SOURCE_RI,0,8000;HAZARD_RI "HAZARD" true true false 8000 Text 0 0,First,#,C:\proj\code\uri-whl\nedat-project\results\scratch\scratch.gdb\next_fc45,HAZARD_RI,0,8000;HAZARD_SOURCE_RI "HAZARD SOURCE" true true false 8000 Text 0 0,First,#,C:\proj\code\uri-whl\nedat-project\results\scratch\scratch.gdb\next_fc45,HAZARD_SOURCE_RI,0,8000;COMMENT_RI "COMMENT" true true false 8000 Text 0 0,First,#,C:\proj\code\uri-whl\nedat-project\results\scratch\scratch.gdb\next_fc45,COMMENT_RI,0,8000;REGULATED_RI "REGULATED" true true false 8000 Text 0 0,First,#,C:\proj\code\uri-whl\nedat-project\results\scratch\scratch.gdb\next_fc45,REGULATED_RI,0,8000;ACTIVE_RI "ACTIVE" true true false 8000 Text 0 0,First,#,C:\proj\code\uri-whl\nedat-project\results\scratch\scratch.gdb\next_fc45,ACTIVE_RI,0,8000;PERMIT_AUTHORITY_RI "PERMIT AUTHORITY" true true false 8000 Text 0 0,First,#,C:\proj\code\uri-whl\nedat-project\results\scratch\scratch.gdb\next_fc45,PERMIT_AUTHORITY_RI,0,8000;INSP_AUTHORITY_RI "INSP AUTHORITY" true true false 8000 Text 0 0,First,#,C:\proj\code\uri-whl\nedat-project\results\scratch\scratch.gdb\next_fc45,INSP_AUTHORITY_RI,0,8000;ENFORCE_AUTHORITY_RI "ENFORCE AUTHORITY" true true false 8000 Text 0 0,First,#,C:\proj\code\uri-whl\nedat-project\results\scratch\scratch.gdb\next_fc45,ENFORCE_AUTHORITY_RI,0,8000;SIZE_RI "SIZE" true true false 8000 Text 0 0,First,#,C:\proj\code\uri-whl\nedat-project\results\scratch\scratch.gdb\next_fc45,SIZE_RI,0,8000;DS_JURISDICTION_RI "DS JURISDICTION" true true false 8000 Text 0 0,First,#,C:\proj\code\uri-whl\nedat-project\results\scratch\scratch.gdb\next_fc45,DS_JURISDICTION_RI,0,8000;STATE_REGULATORY_AGENCY_RI "STATE REGULATORY AGENCY" true true false 8000 Text 0 0,First,#,C:\proj\code\uri-whl\nedat-project\results\scratch\scratch.gdb\next_fc45,STATE_REGULATORY_AGENCY_RI,0,8000;FED_REGULATORY_AGENCY_RI "FED REGULATORY AGENCY" true true false 8000 Text 0 0,First,#,C:\proj\code\uri-whl\nedat-project\results\scratch\scratch.gdb\next_fc45,FED_REGULATORY_AGENCY_RI,0,8000;YR_MODIFIED_RI "YR MODIFIED" true true false 8000 Text 0 0,First,#,C:\proj\code\uri-whl\nedat-project\results\scratch\scratch.gdb\next_fc45,YR_MODIFIED_RI,0,8000;SPILL_TYPE_RI "SPILL TYPE" true true false 8000 Text 0 0,First,#,C:\proj\code\uri-whl\nedat-project\results\scratch\scratch.gdb\next_fc45,SPILL_TYPE_RI,0,8000;OUTLET_GATES_RI "OUTLET GATES" true true false 8000 Text 0 0,First,#,C:\proj\code\uri-whl\nedat-project\results\scratch\scratch.gdb\next_fc45,OUTLET_GATES_RI,0,8000;NEAREST_CITY_TOWN_RI "NEAREST CITY/TOWN" true true false 8000 Text 0 0,First,#,C:\proj\code\uri-whl\nedat-project\results\scratch\scratch.gdb\next_fc45,NEAREST_CITY_TOWN_RI,0,8000;DIST_TO_CITY_TOWN_RI "DIST TO CITY/TOWN" true true false 8 Double 0 0,First,#,C:\proj\code\uri-whl\nedat-project\results\scratch\scratch.gdb\next_fc45,DIST_TO_CITY_TOWN_RI,-1,-1;NON_FED_ON_FED_PROP_RI "NON-FED ON FED PROP" true true false 8000 Text 0 0,First,#,C:\proj\code\uri-whl\nedat-project\results\scratch\scratch.gdb\next_fc45,NON_FED_ON_FED_PROP_RI,0,8000;NRCS_RI "NRCS" true true false 8000 Text 0 0,First,#,C:\proj\code\uri-whl\nedat-project\results\scratch\scratch.gdb\next_fc45,NRCS_RI,0,8000;STATE_ID_T_RI "STATE_ID_T" true true false 255 Text 0 0,First,#,C:\proj\code\uri-whl\nedat-project\results\scratch\scratch.gdb\next_fc45,STATE_ID_T_RI,0,255;OBJECTID_VT "OBJECTID" true true false 4 Long 0 0,First,#,C:\proj\code\uri-whl\nedat-project\results\scratch\scratch.gdb\next_fc46,OBJECTID_VT,-1,-1;StateID_VT "StateID" true true false 80 Text 0 0,First,#,C:\proj\code\uri-whl\nedat-project\results\scratch\scratch.gdb\next_fc46,StateID_VT,0,80;DamName_VT "DamName" true true false 80 Text 0 0,First,#,C:\proj\code\uri-whl\nedat-project\results\scratch\scratch.gdb\next_fc46,DamName_VT,0,80;NatID_VT "NatID" true true false 80 Text 0 0,First,#,C:\proj\code\uri-whl\nedat-project\results\scratch\scratch.gdb\next_fc46,NatID_VT,0,80;FERCNo_VT "FERCNo" true true false 80 Text 0 0,First,#,C:\proj\code\uri-whl\nedat-project\results\scratch\scratch.gdb\next_fc46,FERCNo_VT,0,80;LatNAD83_VT "LatNAD83" true true false 8 Double 0 0,First,#,C:\proj\code\uri-whl\nedat-project\results\scratch\scratch.gdb\next_fc46,LatNAD83_VT,-1,-1;LongNAD83_VT "LongNAD83" true true false 8 Double 0 0,First,#,C:\proj\code\uri-whl\nedat-project\results\scratch\scratch.gdb\next_fc46,LongNAD83_VT,-1,-1;Town_VT "Town" true true false 80 Text 0 0,First,#,C:\proj\code\uri-whl\nedat-project\results\scratch\scratch.gdb\next_fc46,Town_VT,0,80;Stream_VT "Stream" true true false 80 Text 0 0,First,#,C:\proj\code\uri-whl\nedat-project\results\scratch\scratch.gdb\next_fc46,Stream_VT,0,80;BasinName_VT "BasinName" true true false 80 Text 0 0,First,#,C:\proj\code\uri-whl\nedat-project\results\scratch\scratch.gdb\next_fc46,BasinName_VT,0,80;Owner_VT "Owner" true true false 80 Text 0 0,First,#,C:\proj\code\uri-whl\nedat-project\results\scratch\scratch.gdb\next_fc46,Owner_VT,0,80;OwnerType_VT "OwnerType" true true false 80 Text 0 0,First,#,C:\proj\code\uri-whl\nedat-project\results\scratch\scratch.gdb\next_fc46,OwnerType_VT,0,80;ResType_VT "ResType" true true false 80 Text 0 0,First,#,C:\proj\code\uri-whl\nedat-project\results\scratch\scratch.gdb\next_fc46,ResType_VT,0,80;SurfAcres_VT "SurfAcres" true true false 8 Double 0 0,First,#,C:\proj\code\uri-whl\nedat-project\results\scratch\scratch.gdb\next_fc46,SurfAcres_VT,-1,-1;DrainSQMI_VT "DrainSQMI" true true false 80 Text 0 0,First,#,C:\proj\code\uri-whl\nedat-project\results\scratch\scratch.gdb\next_fc46,DrainSQMI_VT,0,80;NormStorAc_VT "NormStorAc" true true false 80 Text 0 0,First,#,C:\proj\code\uri-whl\nedat-project\results\scratch\scratch.gdb\next_fc46,NormStorAc_VT,0,80;MaxStorAcf_VT "MaxStorAcf" true true false 4 Long 0 0,First,#,C:\proj\code\uri-whl\nedat-project\results\scratch\scratch.gdb\next_fc46,MaxStorAcf_VT,-1,-1;DamStatus_VT "DamStatus" true true false 80 Text 0 0,First,#,C:\proj\code\uri-whl\nedat-project\results\scratch\scratch.gdb\next_fc46,DamStatus_VT,0,80;Purposes_VT "Purposes" true true false 80 Text 0 0,First,#,C:\proj\code\uri-whl\nedat-project\results\scratch\scratch.gdb\next_fc46,Purposes_VT,0,80;DamType_VT "DamType" true true false 80 Text 0 0,First,#,C:\proj\code\uri-whl\nedat-project\results\scratch\scratch.gdb\next_fc46,DamType_VT,0,80;DamLenFt_VT "DamLenFt" true true false 80 Text 0 0,First,#,C:\proj\code\uri-whl\nedat-project\results\scratch\scratch.gdb\next_fc46,DamLenFt_VT,0,80;DamHtFt_VT "DamHtFt" true true false 80 Text 0 0,First,#,C:\proj\code\uri-whl\nedat-project\results\scratch\scratch.gdb\next_fc46,DamHtFt_VT,0,80;MaxDisCfs_VT "MaxDisCfs" true true false 80 Text 0 0,First,#,C:\proj\code\uri-whl\nedat-project\results\scratch\scratch.gdb\next_fc46,MaxDisCfs_VT,0,80;YearBuilt_VT "YearBuilt" true true false 80 Text 0 0,First,#,C:\proj\code\uri-whl\nedat-project\results\scratch\scratch.gdb\next_fc46,YearBuilt_VT,0,80;OrigPurp_VT "OrigPurp" true true false 80 Text 0 0,First,#,C:\proj\code\uri-whl\nedat-project\results\scratch\scratch.gdb\next_fc46,OrigPurp_VT,0,80;StateReg_VT "StateReg" true true false 80 Text 0 0,First,#,C:\proj\code\uri-whl\nedat-project\results\scratch\scratch.gdb\next_fc46,StateReg_VT,0,80;FedReg_VT "FedReg" true true false 80 Text 0 0,First,#,C:\proj\code\uri-whl\nedat-project\results\scratch\scratch.gdb\next_fc46,FedReg_VT,0,80;DamHazClas_VT "DamHazClas" true true false 80 Text 0 0,First,#,C:\proj\code\uri-whl\nedat-project\results\scratch\scratch.gdb\next_fc46,DamHazClas_VT,0,80;VDI_Date_VT "VDI_Date" true true false 80 Text 0 0,First,#,C:\proj\code\uri-whl\nedat-project\results\scratch\scratch.gdb\next_fc46,VDI_Date_VT,0,80" NO_SOURCE_INFO</Process><Process ToolSource="c:\program files\arcgis\pro\Resources\ArcToolbox\toolboxes\Data Management Tools.tbx\AddField" Date="20200208" Time="104630">AddField C:\proj\code\uri-whl\nedat-project\results\scratch\scratch.gdb\next_fc47 NAT_ID Text # # # # NULLABLE NON_REQUIRED #</Process><Process ToolSource="c:\program files\arcgis\pro\Resources\ArcToolbox\toolboxes\Data Management Tools.tbx\AddField" Date="20200208" Time="104631">AddField C:\proj\code\uri-whl\nedat-project\results\scratch\scratch.gdb\next_fc47 STATE Text # # # # NULLABLE NON_REQUIRED #</Process><Process ToolSource="c:\program files\arcgis\pro\Resources\ArcToolbox\toolboxes\Data Management Tools.tbx\AddField" Date="20200208" Time="104632">AddField C:\proj\code\uri-whl\nedat-project\results\scratch\scratch.gdb\next_fc47 DAM_NAME Text # # # # NULLABLE NON_REQUIRED #</Process><Process ToolSource="c:\program files\arcgis\pro\Resources\ArcToolbox\toolboxes\Data Management Tools.tbx\AddField" Date="20200208" Time="104633">AddField C:\proj\code\uri-whl\nedat-project\results\scratch\scratch.gdb\next_fc47 ALT_NAME Text # # # # NULLABLE NON_REQUIRED #</Process><Process ToolSource="c:\program files\arcgis\pro\Resources\ArcToolbox\toolboxes\Data Management Tools.tbx\AddField" Date="20200208" Time="104633">AddField C:\proj\code\uri-whl\nedat-project\results\scratch\scratch.gdb\next_fc47 TOWN Text # # # # NULLABLE NON_REQUIRED #</Process><Process ToolSource="c:\program files\arcgis\pro\Resources\ArcToolbox\toolboxes\Data Management Tools.tbx\AddField" Date="20200208" Time="104634">AddField C:\proj\code\uri-whl\nedat-project\results\scratch\scratch.gdb\next_fc47 STATUS Text # # # # NULLABLE NON_REQUIRED #</Process><Process ToolSource="c:\program files\arcgis\pro\Resources\ArcToolbox\toolboxes\Data Management Tools.tbx\AddField" Date="20200208" Time="104635">AddField C:\proj\code\uri-whl\nedat-project\results\scratch\scratch.gdb\next_fc47 HAZ_CLASS Text # # # # NULLABLE NON_REQUIRED #</Process><Process ToolSource="c:\program files\arcgis\pro\Resources\ArcToolbox\toolboxes\Data Management Tools.tbx\AddField" Date="20200208" Time="104635">AddField C:\proj\code\uri-whl\nedat-project\results\scratch\scratch.gdb\next_fc47 SOURCE Text # # # # NULLABLE NON_REQUIRED #</Process><Process ToolSource="c:\program files\arcgis\pro\Resources\ArcToolbox\toolboxes\Data Management Tools.tbx\AddField" Date="20200208" Time="104636">AddField C:\proj\code\uri-whl\nedat-project\results\scratch\scratch.gdb\next_fc47 DATE_DOWNLOAD Text # # # # NULLABLE NON_REQUIRED #</Process><Process ToolSource="c:\program files\arcgis\pro\Resources\ArcToolbox\toolboxes\Data Management Tools.tbx\AddField" Date="20200208" Time="104637">AddField C:\proj\code\uri-whl\nedat-project\results\scratch\scratch.gdb\next_fc47 DATA_SOURCE Text # # # # NULLABLE NON_REQUIRED #</Process><Process ToolSource="c:\program files\arcgis\pro\Resources\ArcToolbox\toolboxes\Data Management Tools.tbx\DeleteField" Date="20200208" Time="104813">DeleteField C:\proj\code\uri-whl\nedat-project\results\scratch\scratch.gdb\next_fc47 OBJECTID_CT;DAM_NAME_CT;DAM_STATUS_CT;DAM_HAZ_CT;DAM_NO_CT;ALT_NAME_CT;QUAD_NO_CT;TOWN_NO_CT;TOWN_CT;OWNER_CT;SBAS_NO_CT;RBAS_NO_CT;MBAS_NO_CT;LONGITUDE_CT;LATITUDE_CT;NATID_MA;REGAUTH_MA;OWNTYPE1_MA;OWNTYPE2_MA;OWNTYPE3_MA;MGMTUNIT_MA;TOWN_MA;DAMLAT_MA;DAMLONG_MA;LOCSTATUS_MA;DAMNAME_MA;HAZCODE_MA;UNIQUEID_ME;ID_ME;NAME_ME;POP_NAME_ME;RIVER_ME;OWNER_ME;OWNER_CODE_ME;PVT_FED_ME;MAJ_TYPE_ME;MAJ_PURPOS_ME;YEAR_COMPL_ME;LENGTH_ME;STRUCT_HGT_ME;HYDRAUL_HG_ME;MAX_CAP_ME;NORM_CAP_ME;HAZARD_CD_ME;P1_INSP_ME;INSP_INIT_ME;STATE_REG_ME;LAST_UPD_ME;DIST_CITY_ME;MAX_DISC_ME;DEP_ID_ME;COMMENTS_ME;DELORME_NA_ME;FMSRC_ME;FMPROCSS_ME;FMUPDORG_ME;FMUPDDAT_ME;AMUPDORG_ME;AMUPDDAT_ME;SOURCE_ME;DONE_ME;MEMA_ID_ME;HOTLINK_ME;STARTLEFT_ME;STARTRIGHT_ME;STARTTOP_ME;STARTBOTTO_ME;DAM_NH;HAZCL_NH;STATUS_NH;USE_NH;TOWN_NH;NAME_NH;CNTY_NH;RIVER_NH;LENGTH_NH;IMPND_NH;HEIGHT_NH;DASM_NH;NATDAMID_NH;FERC_NH;DOWNER_NH;LATITUDE_NH;LONGITUDE_NH;OBJECTID_RI;STATE_ID_RI;NAME_RI;ALT_NAME_RI;DAM_TYPE_RI;OBJECTID_1_RI;STATE_ID_1_RI;DAM_NAME_RI;OTHER__NAME_RI;NID_RI;NO_STRUCTURES_RI;OTHER_STRUCT_ID_RI;LONGITUDE_RI;LATITUDE_RI;COUNTY_RI;CITY_TOWN_RI;RIVER_STREAM_RI;YR_COMPLETED_RI;PURPOSES_RI;DRINKING_WATER_RI;DAM_TYPE_1_RI;LENGTH__FT__RI;HT__FT__EST_RI;HT__FT__RI;STRUCT_HT_FT__RI;HYD_HT_FT__RI;SPILL_W_FT__RI;SPILL_HT_FT__RI;SPILL_MAX_D_FT__RI;NORM_STOR_AC_FT__RI;MAX_STOR_AC_FT__RI;NORM_SURF_AREA_AC__RI;DRN_AREA_SQ_MI__RI;SW_MAX__CFS__RI;OUTMAX_CFS__RI;FRESHET_CFS__RI;HIST_HAZARD_RI;HIST_SOURCE_RI;HAZARD_RI;HAZARD_SOURCE_RI;COMMENT_RI;REGULATED_RI;ACTIVE_RI;PERMIT_AUTHORITY_RI;INSP_AUTHORITY_RI;ENFORCE_AUTHORITY_RI;SIZE_RI;DS_JURISDICTION_RI;STATE_REGULATORY_AGENCY_RI;FED_REGULATORY_AGENCY_RI;YR_MODIFIED_RI;SPILL_TYPE_RI;OUTLET_GATES_RI;NEAREST_CITY_TOWN_RI;DIST_TO_CITY_TOWN_RI;NON_FED_ON_FED_PROP_RI;NRCS_RI;STATE_ID_T_RI;OBJECTID_VT;StateID_VT;DamName_VT;NatID_VT;FERCNo_VT;LatNAD83_VT;LongNAD83_VT;Town_VT;Stream_VT;BasinName_VT;Owner_VT;OwnerType_VT;ResType_VT;SurfAcres_VT;DrainSQMI_VT;NormStorAc_VT;MaxStorAcf_VT;DamStatus_VT;Purposes_VT;DamType_VT;DamLenFt_VT;DamHtFt_VT;MaxDisCfs_VT;YearBuilt_VT;OrigPurp_VT;StateReg_VT;FedReg_VT;DamHazClas_VT;VDI_Date_VT</Process><Process ToolSource="c:\program files\arcgis\pro\Resources\ArcToolbox\toolboxes\Data Management Tools.tbx\AddField" Date="20200208" Time="104813">AddField C:\proj\code\uri-whl\nedat-project\results\scratch\scratch.gdb\next_fc47 NEDAT_ID "Long (large integer)" # # # # NULLABLE NON_REQUIRED #</Process><Process ToolSource="c:\program files\arcgis\pro\Resources\ArcToolbox\toolboxes\Data Management Tools.tbx\CalculateField" Date="20200208" Time="105027">CalculateField C:\proj\code\uri-whl\nedat-project\results\scratch\scratch.gdb\next_fc47 NEDAT_ID !OBJECTID! "Python 3" #</Process><Process ToolSource="c:\program files\arcgis\pro\Resources\ArcToolbox\toolboxes\Data Management Tools.tbx\CopyFeatures" Date="20200208" Time="105047">CopyFeatures C:\proj\code\uri-whl\nedat-project\results\scratch\scratch.gdb\next_fc47 C:\proj\code\uri-whl\nedat-project\results\results.gdb\merged_dams # # # #</Process><Process ToolSource="c:\program files\arcgis\pro\Resources\ArcToolbox\toolboxes\Data Management Tools.tbx\CopyFeatures" Date="20200208" Time="105334">CopyFeatures C:\proj\code\uri-whl\nedat-project\results\results.gdb\merged_dams C:\proj\code\uri-whl\nedat-project\results\scratch\scratch.gdb\next_fc52 # # # #</Process><Process ToolSource="c:\program files\arcgis\pro\Resources\ArcToolbox\toolboxes\Data Management Tools.tbx\CopyFeatures" Date="20200208" Time="105438">CopyFeatures dam_sub C:\proj\code\uri-whl\nedat-project\results\scratch\scratch.gdb\next_fc54 # # # #</Process><Process ToolSource="c:\program files\arcgis\pro\Resources\ArcToolbox\toolboxes\Editing Tools.tbx\Snap" Date="20200208" Time="105447">Snap C:\proj\code\uri-whl\nedat-project\results\scratch\scratch.gdb\next_fc54 "C:\proj\code\uri-whl\nedat-project\results\scratch\scratch.gdb\next_fc55 EDGE '60 Meters'"</Process><Process ToolSource="c:\program files\arcgis\pro\Resources\ArcToolbox\toolboxes\Analysis Tools.tbx\Intersect" Date="20200208" Time="105452">Intersect "C:\proj\code\uri-whl\nedat-project\results\scratch\scratch.gdb\next_fc54 #;C:\proj\code\uri-whl\nedat-project\results\scratch\scratch.gdb\next_fc55 #" C:\proj\code\uri-whl\nedat-project\results\results.gdb\all_snapped_dams "All attributes" # "Same as input"</Process><Process ToolSource="c:\program files\arcgis\pro\Resources\ArcToolbox\toolboxes\Analysis Tools.tbx\Identity" Date="20200208" Time="105840">Identity C:\proj\code\uri-whl\nedat-project\results\results.gdb\all_snapped_dams C:\proj\code\uri-whl\nedat-project\results\scratch\scratch.gdb\next_fc66 C:\proj\code\uri-whl\nedat-project\results\scratch\scratch.gdb\next_fc67 "All attributes" # NO_RELATIONSHIPS</Process><Process ToolSource="c:\program files\arcgis\pro\Resources\ArcToolbox\toolboxes\Data Management Tools.tbx\AddField" Date="20200208" Time="105841">AddField C:\proj\code\uri-whl\nedat-project\results\scratch\scratch.gdb\next_fc67 HUC10 Text # # 10 # NULLABLE NON_REQUIRED #</Process><Process ToolSource="c:\program files\arcgis\pro\Resources\ArcToolbox\toolboxes\Data Management Tools.tbx\AddField" Date="20200208" Time="105842">AddField C:\proj\code\uri-whl\nedat-project\results\scratch\scratch.gdb\next_fc67 HUC8 Text # # 8 # NULLABLE NON_REQUIRED #</Process><Process ToolSource="c:\program files\arcgis\pro\Resources\ArcToolbox\toolboxes\Data Management Tools.tbx\AddField" Date="20200208" Time="105843">AddField C:\proj\code\uri-whl\nedat-project\results\scratch\scratch.gdb\next_fc67 HUC6 Text # # 6 # NULLABLE NON_REQUIRED #</Process><Process ToolSource="c:\program files\arcgis\pro\Resources\ArcToolbox\toolboxes\Data Management Tools.tbx\AddField" Date="20200208" Time="105845">AddField C:\proj\code\uri-whl\nedat-project\results\scratch\scratch.gdb\next_fc67 HUC4 Text # # 4 # NULLABLE NON_REQUIRED #</Process><Process ToolSource="c:\program files\arcgis\pro\Resources\ArcToolbox\toolboxes\Data Management Tools.tbx\CopyFeatures" Date="20200208" Time="105849">CopyFeatures C:\proj\code\uri-whl\nedat-project\results\scratch\scratch.gdb\next_fc67 C:\proj\code\uri-whl\nedat-project\results\results.gdb\all_snapped_dams_w_hucs # # # #</Process><Process ToolSource="c:\program files\arcgis\pro\Resources\ArcToolbox\toolboxes\Data Management Tools.tbx\CopyFeatures" Date="20200208" Time="110321">CopyFeatures dams_flayer C:\proj\code\uri-whl\nedat-project\results\results.gdb\snapped_aoi_dams # # # #</Process><Process ToolSource="c:\program files\arcgis\pro\Resources\ArcToolbox\Toolboxes\Data Management Tools.tbx\Copy" Date="20200208" Time="110413">Copy "C:\proj\code\uri-whl\nedat-project\results\results.gdb\snapped_aoi_dams " C:\proj\code\uri-whl\nedat-project\results\project_dams.gdb\snapped_aoi_dams FeatureClass #</Process><Process ToolSource="c:\program files (x86)\arcgis\desktop10.7\ArcToolbox\Toolboxes\Data Management Tools.tbx\Project" Date="20200213" Time="074955">Project snapped_aoi_dams C:\Users\twins\Documents\ArcGIS\Default.gdb\snapped_aoi_dams_Project PROJCS['WGS_1984_UTM_Zone_19N',GEOGCS['GCS_WGS_1984',DATUM['D_WGS_1984',SPHEROID['WGS_1984',6378137.0,298.257223563]],PRIMEM['Greenwich',0.0],UNIT['Degree',0.0174532925199433]],PROJECTION['Transverse_Mercator'],PARAMETER['False_Easting',500000.0],PARAMETER['False_Northing',0.0],PARAMETER['Central_Meridian',-69.0],PARAMETER['Scale_Factor',0.9996],PARAMETER['Latitude_Of_Origin',0.0],UNIT['Meter',1.0]] # GEOGCS['GCS_WGS_1984',DATUM['D_WGS_1984',SPHEROID['WGS_1984',6378137.0,298.257223563]],PRIMEM['Greenwich',0.0],UNIT['Degree',0.0174532925199433]] NO_PRESERVE_SHAPE # NO_VERTICAL</Process><Process ToolSource="c:\program files (x86)\arcgis\desktop10.7\ArcToolbox\Toolboxes\Data Management Tools.tbx\CalculateField" Date="20200423" Time="084152">CalculateField Dams_FINAL Type "H" VB #</Process><Process ToolSource="c:\program files (x86)\arcgis\desktop10.7\ArcToolbox\Toolboxes\Data Management Tools.tbx\CalculateField" Date="20200423" Time="084559">CalculateField Dams_FINAL DamID [DAM_NAME] VB #</Process><Process ToolSource="c:\program files (x86)\arcgis\desktop10.5\ArcToolbox\Toolboxes\Data Management Tools.tbx\Project" Date="20200616" Time="174945">Project Dams_BAT C:\Projects\Dam_Atlas\Derived\Ecological\Dams_BAT_UTM19_WGS.shp PROJCS['WGS_1984_UTM_Zone_19N',GEOGCS['GCS_WGS_1984',DATUM['D_WGS_1984',SPHEROID['WGS_1984',6378137.0,298.257223563]],PRIMEM['Greenwich',0.0],UNIT['Degree',0.0174532925199433]],PROJECTION['Transverse_Mercator'],PARAMETER['False_Easting',500000.0],PARAMETER['False_Northing',0.0],PARAMETER['Central_Meridian',-69.0],PARAMETER['Scale_Factor',0.9996],PARAMETER['Latitude_Of_Origin',0.0],UNIT['Meter',1.0]] # PROJCS['WGS_1984_UTM_Zone_19N',GEOGCS['GCS_WGS_1984',DATUM['D_WGS_1984',SPHEROID['WGS_1984',6378137.0,298.257223563]],PRIMEM['Greenwich',0.0],UNIT['Degree',0.0174532925199433]],PROJECTION['Transverse_Mercator'],PARAMETER['False_Easting',500000.0],PARAMETER['False_Northing',0.0],PARAMETER['Central_Meridian',-69.0],PARAMETER['Scale_Factor',0.9996],PARAMETER['Latitude_Of_Origin',0.0],UNIT['Meter',1.0]] NO_PRESERVE_SHAPE # NO_VERTICAL</Process><Process ToolSource="c:\program files (x86)\arcgis\desktop10.5\ArcToolbox\Toolboxes\Data Management Tools.tbx\AddField" Date="20200622" Time="131333">AddField C:\Projects\Dam_Atlas\Derived\Ecological\Dams_BAT_UTM19_WGS.shp DwnStrDir DOUBLE # # # # NULLABLE NON_REQUIRED #</Process><Process ToolSource="c:\program files (x86)\arcgis\desktop10.5\ArcToolbox\Toolboxes\Data Management Tools.tbx\AddField" Date="20200622" Time="131344">AddField C:\Projects\Dam_Atlas\Derived\Ecological\Dams_BAT_UTM19_WGS.shp DwnStrDir DOUBLE # # # # NULLABLE NON_REQUIRED #</Process><Process ToolSource="c:\program files (x86)\arcgis\desktop10.5\ArcToolbox\Toolboxes\Data Management Tools.tbx\AddField" Date="20200622" Time="131934">AddField C:\Projects\Dam_Atlas\Derived\Ecological\Dams_BAT_UTM19_WGS.shp DwnStrDir DOUBLE # # # # NULLABLE NON_REQUIRED #</Process><Process ToolSource="c:\program files (x86)\arcgis\desktop10.5\ArcToolbox\Toolboxes\Data Management Tools.tbx\CalculateField" Date="20200622" Time="132036">CalculateField Dams_BAT_UTM19_WGS DwnStrDir 0 VB #</Process><Process ToolSource="c:\program files (x86)\arcgis\desktop10.5\ArcToolbox\Toolboxes\Data Management Tools.tbx\AddField" Date="20200622" Time="132101">AddField C:\Projects\Dam_Atlas\Derived\Ecological\Dams_BAT_UTM19_WGS.shp DwnStrDir DOUBLE # # # # NULLABLE NON_REQUIRED #</Process><Process ToolSource="c:\program files (x86)\arcgis\desktop10.5\ArcToolbox\Toolboxes\Data Management Tools.tbx\AddField" Date="20200622" Time="132134">AddField C:\Projects\Dam_Atlas\Derived\Ecological\Dams_BAT_UTM19_WGS.shp DwnStrDir DOUBLE # # # # NULLABLE NON_REQUIRED #</Process><Process ToolSource="c:\program files (x86)\arcgis\desktop10.5\ArcToolbox\Toolboxes\Data Management Tools.tbx\AddField" Date="20200622" Time="143154">AddField C:\Projects\Dam_Atlas\Derived\Ecological\Dams_BAT_UTM19_WGS.shp DwnStrDir DOUBLE # # # # NULLABLE NON_REQUIRED #</Process><Process ToolSource="c:\program files (x86)\arcgis\desktop10.5\ArcToolbox\Toolboxes\Data Management Tools.tbx\AddField" Date="20200623" Time="130713">AddField C:\Projects\Dam_Atlas\Derived\Ecological\Dams_BAT_UTM19_WGS.shp DwnStrDir DOUBLE # # # # NULLABLE NON_REQUIRED #</Process><Process ToolSource="c:\program files (x86)\arcgis\desktop10.5\ArcToolbox\Toolboxes\Data Management Tools.tbx\AddField" Date="20200623" Time="130734">AddField C:\Projects\Dam_Atlas\Derived\Ecological\Dams_BAT_UTM19_WGS.shp DwnStrDir DOUBLE # # # # NULLABLE NON_REQUIRED #</Process><Process ToolSource="c:\program files (x86)\arcgis\desktop10.5\ArcToolbox\Toolboxes\Data Management Tools.tbx\AddField" Date="20200623" Time="130804">AddField C:\Projects\Dam_Atlas\Derived\Ecological\Dams_BAT_UTM19_WGS.shp DwnStrDir DOUBLE # # # # NULLABLE NON_REQUIRED #</Process><Process ToolSource="c:\program files (x86)\arcgis\desktop10.5\ArcToolbox\Toolboxes\Data Management Tools.tbx\AddField" Date="20200623" Time="130826">AddField C:\Projects\Dam_Atlas\Derived\Ecological\Dams_BAT_UTM19_WGS.shp DwnStrDir DOUBLE # # # # NULLABLE NON_REQUIRED #</Process><Process ToolSource="c:\program files (x86)\arcgis\desktop10.5\ArcToolbox\Toolboxes\Data Management Tools.tbx\AddField" Date="20200623" Time="134304">AddField C:\Projects\Dam_Atlas\Derived\Ecological\Dams_BAT_UTM19_WGS.shp DwnStrDir DOUBLE # # # # NULLABLE NON_REQUIRED #</Process><Process ToolSource="c:\program files (x86)\arcgis\desktop10.5\ArcToolbox\Toolboxes\Data Management Tools.tbx\AddField" Date="20200623" Time="134505">AddField C:\Projects\Dam_Atlas\Derived\Ecological\Dams_BAT_UTM19_WGS.shp DwnStrDir DOUBLE # # # # NULLABLE NON_REQUIRED #</Process><Process ToolSource="c:\program files (x86)\arcgis\desktop10.5\ArcToolbox\Toolboxes\Data Management Tools.tbx\AddField" Date="20200623" Time="134558">AddField C:\Projects\Dam_Atlas\Derived\Ecological\Dams_BAT_UTM19_WGS.shp DwnStrDir DOUBLE # # # # NULLABLE NON_REQUIRED #</Process><Process ToolSource="c:\program files (x86)\arcgis\desktop10.5\ArcToolbox\Toolboxes\Data Management Tools.tbx\CalculateField" Date="20200623" Time="141124">CalculateField Dams_BAT_UTM19_WGS dwnStr_1 [DwnStrDir] VB #</Process><Process ToolSource="c:\program files (x86)\arcgis\desktop10.5\ArcToolbox\Toolboxes\Data Management Tools.tbx\CalculateField" Date="20200623" Time="141134">CalculateField Dams_BAT_UTM19_WGS DwnStrDir 0 VB #</Process><Process ToolSource="c:\program files (x86)\arcgis\desktop10.5\ArcToolbox\Toolboxes\Data Management Tools.tbx\AddField" Date="20200623" Time="141208">AddField C:\Projects\Dam_Atlas\Derived\Ecological\Dams_BAT_UTM19_WGS.shp DwnStrDir DOUBLE # # # # NULLABLE NON_REQUIRED #</Process><Process ToolSource="c:\program files (x86)\arcgis\desktop10.5\ArcToolbox\Toolboxes\Data Management Tools.tbx\AddField" Date="20200624" Time="105043">AddField C:\Projects\Dam_Atlas\Derived\Ecological\Dams_BAT_UTM19_WGS.shp DirFld DOUBLE # # # # NULLABLE NON_REQUIRED #</Process><Process ToolSource="c:\program files (x86)\arcgis\desktop10.5\ArcToolbox\Toolboxes\Data Management Tools.tbx\AddField" Date="20200624" Time="105140">AddField C:\Projects\Dam_Atlas\Derived\Ecological\Dams_BAT_UTM19_WGS.shp DirFld DOUBLE # # # # NULLABLE NON_REQUIRED #</Process><Process ToolSource="c:\program files (x86)\arcgis\desktop10.5\ArcToolbox\Toolboxes\Data Management Tools.tbx\AddField" Date="20200624" Time="115007">AddField C:\Projects\Dam_Atlas\Derived\Ecological\Dams_BAT_UTM19_WGS.shp DwnStrDir DOUBLE # # # # NULLABLE NON_REQUIRED #</Process><Process ToolSource="c:\program files (x86)\arcgis\desktop10.5\ArcToolbox\Toolboxes\Data Management Tools.tbx\AddField" Date="20200624" Time="143220">AddField C:\Projects\Dam_Atlas\Derived\Ecological\Dams_BAT_UTM19_WGS.shp Viewshed LONG # # # # NULLABLE NON_REQUIRED #</Process><Process ToolSource="c:\program files (x86)\arcgis\desktop10.5\ArcToolbox\Toolboxes\Data Management Tools.tbx\AddField" Date="20200624" Time="153158">AddField C:\Projects\Dam_Atlas\Derived\Ecological\Dams_BAT_UTM19_WGS.shp DwnStrDir DOUBLE # # # # NULLABLE NON_REQUIRED #</Process><Process ToolSource="c:\program files (x86)\arcgis\desktop10.5\ArcToolbox\Toolboxes\Data Management Tools.tbx\AddField" Date="20200624" Time="161016">AddField C:\Projects\Dam_Atlas\Derived\Ecological\Dams_BAT_UTM19_WGS.shp Viewshed LONG # # # # NULLABLE NON_REQUIRED #</Process><Process ToolSource="c:\program files (x86)\arcgis\desktop10.7\ArcToolbox\Toolboxes\Data Management Tools.tbx\AddField" Date="20200625" Time="215927">AddField F:\Projects\Dam_Atlas\Derived\Ecological\Dams_BAT_UTM19_WGS.shp Viewshed LONG # # # # NULLABLE NON_REQUIRED #</Process><Process ToolSource="c:\program files (x86)\arcgis\desktop10.7\ArcToolbox\Toolboxes\Data Management Tools.tbx\AddField" Date="20200626" Time="104326">AddField D:\Dam_Atlas\Derived\Ecological\Dams_BAT_UTM19_WGS.shp DwnStrDir DOUBLE # # # # NULLABLE NON_REQUIRED #</Process><Process ToolSource="c:\program files (x86)\arcgis\desktop10.7\ArcToolbox\Toolboxes\Data Management Tools.tbx\AddField" Date="20200626" Time="104925">AddField D:\Dam_Atlas\Derived\Ecological\Dams_BAT_UTM19_WGS.shp DwnStrDir DOUBLE # # # # NULLABLE NON_REQUIRED #</Process><Process ToolSource="c:\program files (x86)\arcgis\desktop10.7\ArcToolbox\Toolboxes\Data Management Tools.tbx\AddField" Date="20200626" Time="105428">AddField D:\Dam_Atlas\Derived\Ecological\Dams_BAT_UTM19_WGS.shp DwnStrDir DOUBLE # # # # NULLABLE NON_REQUIRED #</Process><Process ToolSource="c:\program files (x86)\arcgis\desktop10.7\ArcToolbox\Toolboxes\Data Management Tools.tbx\CalculateField" Date="20200626" Time="111601">CalculateField Dams_BAT_UTM19_WGS ViewImpnd [Viewshed] VB #</Process><Process ToolSource="c:\program files (x86)\arcgis\desktop10.7\ArcToolbox\Toolboxes\Data Management Tools.tbx\AddField" Date="20200626" Time="112804">AddField D:\Dam_Atlas\Derived\Ecological\Dams_BAT_UTM19_WGS.shp ViewDam LONG # # # # NULLABLE NON_REQUIRED #</Process><Process ToolSource="c:\program files\arcgis\pro\Resources\ArcToolbox\toolboxes\Conversion Tools.tbx\FeatureClassToFeatureClass" Date="20201002" Time="155213">FeatureClassToFeatureClass Dams_BAT_UTM19_WGS "F:\Classes\NRS 410\Labs\Lab_6\Data" Dams.shp # "OBJECTID "OBJECTID" true true false 10 Long 0 10,First,#,Dams_BAT_UTM19_WGS,OBJECTID,-1,-1;FID_all_sn "FID_all_sn" true true false 10 Long 0 10,First,#,Dams_BAT_UTM19_WGS,FID_all_sn,-1,-1;FID_next_f "FID_next_f" true true false 10 Long 0 10,First,#,Dams_BAT_UTM19_WGS,FID_next_f,-1,-1;STATE "STATE" true true false 2 Text 0 0,First,#,Dams_BAT_UTM19_WGS,STATE,0,2;DATA_SOURC "DATA_SOURC" true true false 254 Text 0 0,First,#,Dams_BAT_UTM19_WGS,DATA_SOURC,0,254;DATE_DOWNL "DATE_DOWNL" true true false 254 Text 0 0,First,#,Dams_BAT_UTM19_WGS,DATE_DOWNL,0,254;NAT_ID "NAT_ID" true true false 254 Text 0 0,First,#,Dams_BAT_UTM19_WGS,NAT_ID,0,254;DAM_NAME "DAM_NAME" true true false 254 Text 0 0,First,#,Dams_BAT_UTM19_WGS,DAM_NAME,0,254;ALT_NAME "ALT_NAME" true true false 254 Text 0 0,First,#,Dams_BAT_UTM19_WGS,ALT_NAME,0,254;TOWN "TOWN" true true false 254 Text 0 0,First,#,Dams_BAT_UTM19_WGS,TOWN,0,254;STATUS "STATUS" true true false 254 Text 0 0,First,#,Dams_BAT_UTM19_WGS,STATUS,0,254;HAZ_CLASS "HAZ_CLASS" true true false 254 Text 0 0,First,#,Dams_BAT_UTM19_WGS,HAZ_CLASS,0,254;SOURCE "SOURCE" true true false 254 Text 0 0,First,#,Dams_BAT_UTM19_WGS,SOURCE,0,254;NEDAT_ID "NEDAT_ID" true true false 10 Long 0 10,First,#,Dams_BAT_UTM19_WGS,NEDAT_ID,-1,-1;FID_next_1 "FID_next_1" true true false 10 Long 0 10,First,#,Dams_BAT_UTM19_WGS,FID_next_1,-1,-1;Permanent_ "Permanent_" true true false 40 Text 0 0,First,#,Dams_BAT_UTM19_WGS,Permanent_,0,40;FDate "FDate" true true false 8 Date 0 0,First,#,Dams_BAT_UTM19_WGS,FDate,-1,-1;Resolution "Resolution" true true false 10 Long 0 10,First,#,Dams_BAT_UTM19_WGS,Resolution,-1,-1;GNIS_ID "GNIS_ID" true true false 10 Text 0 0,First,#,Dams_BAT_UTM19_WGS,GNIS_ID,0,10;GNIS_Name "GNIS_Name" true true false 65 Text 0 0,First,#,Dams_BAT_UTM19_WGS,GNIS_Name,0,65;LengthKM "LengthKM" true true false 19 Double 0 0,First,#,Dams_BAT_UTM19_WGS,LengthKM,-1,-1;ReachCode "ReachCode" true true false 14 Text 0 0,First,#,Dams_BAT_UTM19_WGS,ReachCode,0,14;FlowDir "FlowDir" true true false 10 Long 0 10,First,#,Dams_BAT_UTM19_WGS,FlowDir,-1,-1;WBArea_Per "WBArea_Per" true true false 40 Text 0 0,First,#,Dams_BAT_UTM19_WGS,WBArea_Per,0,40;FType "FType" true true false 10 Long 0 10,First,#,Dams_BAT_UTM19_WGS,FType,-1,-1;FCode "FCode" true true false 10 Long 0 10,First,#,Dams_BAT_UTM19_WGS,FCode,-1,-1;MainPath "MainPath" true true false 10 Long 0 10,First,#,Dams_BAT_UTM19_WGS,MainPath,-1,-1;InNetwork "InNetwork" true true false 10 Long 0 10,First,#,Dams_BAT_UTM19_WGS,InNetwork,-1,-1;Visibility "Visibility" true true false 10 Long 0 10,First,#,Dams_BAT_UTM19_WGS,Visibility,-1,-1;NHDPlusID "NHDPlusID" true true false 19 Double 0 0,First,#,Dams_BAT_UTM19_WGS,NHDPlusID,-1,-1;VPUID "VPUID" true true false 8 Text 0 0,First,#,Dams_BAT_UTM19_WGS,VPUID,0,8;Enabled "Enabled" true true false 10 Long 0 10,First,#,Dams_BAT_UTM19_WGS,Enabled,-1,-1;FID_next_2 "FID_next_2" true true false 10 Long 0 10,First,#,Dams_BAT_UTM19_WGS,FID_next_2,-1,-1;HUC12 "HUC12" true true false 12 Text 0 0,First,#,Dams_BAT_UTM19_WGS,HUC12,0,12;HUC10 "HUC10" true true false 10 Text 0 0,First,#,Dams_BAT_UTM19_WGS,HUC10,0,10;HUC8 "HUC8" true true false 8 Text 0 0,First,#,Dams_BAT_UTM19_WGS,HUC8,0,8;HUC6 "HUC6" true true false 6 Text 0 0,First,#,Dams_BAT_UTM19_WGS,HUC6,0,6;HUC4 "HUC4" true true false 4 Text 0 0,First,#,Dams_BAT_UTM19_WGS,HUC4,0,4;Type "Type" true true false 1 Text 0 0,First,#,Dams_BAT_UTM19_WGS,Type,0,1;DamID "DamID" true true false 50 Text 0 0,First,#,Dams_BAT_UTM19_WGS,DamID,0,50;batSnapped "batSnapped" true true false 1 Text 0 0,First,#,Dams_BAT_UTM19_WGS,batSnapped,0,1;batLineID "batLineID" true true false 10 Long 0 10,First,#,Dams_BAT_UTM19_WGS,batLineID,-1,-1;batRegion "batRegion" true true false 25 Text 0 0,First,#,Dams_BAT_UTM19_WGS,batRegion,0,25;batSnapDis "batSnapDis" true true false 19 Double 0 0,First,#,Dams_BAT_UTM19_WGS,batSnapDis,-1,-1;batDisAlng "batDisAlng" true true false 19 Double 0 0,First,#,Dams_BAT_UTM19_WGS,batDisAlng,-1,-1;batDis2Mth "batDis2Mth" true true false 19 Double 0 0,First,#,Dams_BAT_UTM19_WGS,batDis2Mth,-1,-1;batSrcID "batSrcID" true true false 10 Long 0 10,First,#,Dams_BAT_UTM19_WGS,batSrcID,-1,-1;DwnStrDir "DwnStrDir" true true false 19 Double 0 0,First,#,Dams_BAT_UTM19_WGS,DwnStrDir,-1,-1;dwnStr_1 "dwnStr_1" true true false 19 Double 0 0,First,#,Dams_BAT_UTM19_WGS,dwnStr_1,-1,-1;DirFld "DirFld" true true false 19 Double 0 0,First,#,Dams_BAT_UTM19_WGS,DirFld,-1,-1;ViewImpnd "ViewImpnd" true true false 5 Long 0 5,First,#,Dams_BAT_UTM19_WGS,ViewImpnd,-1,-1;ViewDam "ViewDam" true true false 10 Long 0 10,First,#,Dams_BAT_UTM19_WGS,ViewDam,-1,-1" #</Process><Process ToolSource="c:\program files\arcgis\pro\Resources\ArcToolbox\toolboxes\Data Management Tools.tbx\DeleteField" Date="20201002" Time="155556">DeleteField Dams ALT_NAME;batDis2Mth;batDisAlng;batLineID;batRegion;batSnapDis;batSnapped;batSrcID;DamID;DATA_SOURC;DATE_DOWNL;DirFld;dwnStr_1;DwnStrDir;Enabled;FCode;FDate;FID_all_sn;FID_next_1;FID_next_2;FID_next_f;FlowDir;FType;GNIS_ID;GNIS_Name;HAZ_CLASS;HUC10;HUC12;HUC4;HUC6;HUC8;InNetwork;LengthKM;MainPath;NAT_ID;NEDAT_ID;NHDPlusID;OBJECTID;Permanent_;ReachCode;Resolution;SOURCE;STATE;STATUS;TOWN;Type;ViewDam;ViewImpnd;Visibility;VPUID;WBArea_Per</Process><Process ToolSource="c:\program files\arcgis\pro\Resources\ArcToolbox\toolboxes\Data Management Tools.tbx\UpdateSchema" Date="20201005" Time="105654">UpdateSchema "CIMDATA=&lt;CIMStandardDataConnection xsi:type='typens:CIMStandardDataConnection' xmlns:xsi='http://www.w3.org/2001/XMLSchema-instance' xmlns:xs='http://www.w3.org/2001/XMLSchema' xmlns:typens='http://www.esri.com/schemas/ArcGIS/2.6.0'&gt;&lt;WorkspaceConnectionString&gt;DATABASE=F:\Classes\NRS 410\Labs\Lab_6\Data&lt;/WorkspaceConnectionString&gt;&lt;WorkspaceFactory&gt;Shapefile&lt;/WorkspaceFactory&gt;&lt;Dataset&gt;Dams&lt;/Dataset&gt;&lt;DatasetType&gt;esriDTFeatureClass&lt;/DatasetType&gt;&lt;/CIMStandardDataConnection&gt;" &lt;operationSequence&gt;&lt;workflow&gt;&lt;AddField&gt;&lt;field_name&gt;X&lt;/field_name&gt;&lt;field_type&gt;DOUBLE&lt;/field_type&gt;&lt;field_is_nullable&gt;False&lt;/field_is_nullable&gt;&lt;field_is_required&gt;False&lt;/field_is_required&gt;&lt;/AddField&gt;&lt;/workflow&gt;&lt;workflow&gt;&lt;AddField&gt;&lt;field_name&gt;Y&lt;/field_name&gt;&lt;field_type&gt;DOUBLE&lt;/field_type&gt;&lt;field_is_nullable&gt;False&lt;/field_is_nullable&gt;&lt;field_is_required&gt;False&lt;/field_is_required&gt;&lt;/AddField&gt;&lt;/workflow&gt;&lt;/operationSequence&gt;</Process><Process ToolSource="c:\program files\arcgis\pro\Resources\ArcToolbox\toolboxes\Data Management Tools.tbx\CalculateGeometryAttributes" Date="20201005" Time="111430">CalculateGeometryAttributes Dams "X POINT_X;Y POINT_Y" # # GEOGCS['GCS_WGS_1984',DATUM['D_WGS_1984',SPHEROID['WGS_1984',6378137.0,298.257223563]],PRIMEM['Greenwich',0.0],UNIT['Degree',0.0174532925199433]] "Same as input"</Process><Process ToolSource="c:\program files\arcgis\pro\Resources\ArcToolbox\toolboxes\Data Management Tools.tbx\DeleteField" Date="20201005" Time="111537">DeleteField Dams X</Process><Process ToolSource="c:\program files\arcgis\pro\Resources\ArcToolbox\toolboxes\Data Management Tools.tbx\DeleteField" Date="20201005" Time="111541">DeleteField Dams Y</Process><Process Name="Snap" ToolSource="c:\program files\arcgis\pro\Resources\ArcToolbox\toolboxes\Editing Tools.tbx\Snap" Date="20210104" Time="124415">Snap Dams "'F:\Classes\NRS_522_2021\Modules\1_Social Impacts of Dams\Module_1\Module_1.gdb\Rivers' EDGE '100 Feet'"</Process></lineage><itemProps><itemName Sync="TRUE">Dams</itemName><imsContentType Sync="TRUE">002</imsContentType><itemLocation><linkage Sync="TRUE">file://\\JPGIS\F$\Classes\NRS 410\Labs\Lab_6\Data\Dams.shp</linkage><protocol Sync="TRUE">Local Area Network</protocol></itemLocation><nativeExtBox><westBL Sync="TRUE">255831.961445</westBL><eastBL Sync="TRUE">353721.066420</eastBL><southBL Sync="TRUE">4584169.473793</southBL><northBL Sync="TRUE">4689170.927172</northBL><exTypeCode Sync="TRUE">1</exTypeCode></nativeExtBox><itemSize Sync="TRUE">0.000</itemSize></itemProps><coordRef><type Sync="TRUE">Projected</type><geogcsn Sync="TRUE">GCS_WGS_1984</geogcsn><csUnits Sync="TRUE">Linear Unit: Meter (1.000000)</csUnits><peXml Sync="TRUE">&lt;ProjectedCoordinateSystem xsi:type='typens:ProjectedCoordinateSystem' xmlns:xsi='http://www.w3.org/2001/XMLSchema-instance' xmlns:xs='http://www.w3.org/2001/XMLSchema' xmlns:typens='http://www.esri.com/schemas/ArcGIS/2.6.0'&gt;&lt;WKT&gt;PROJCS[&amp;quot;WGS_1984_UTM_Zone_19N&amp;quot;,GEOGCS[&amp;quot;GCS_WGS_1984&amp;quot;,DATUM[&amp;quot;D_WGS_1984&amp;quot;,SPHEROID[&amp;quot;WGS_1984&amp;quot;,6378137.0,298.257223563]],PRIMEM[&amp;quot;Greenwich&amp;quot;,0.0],UNIT[&amp;quot;Degree&amp;quot;,0.0174532925199433]],PROJECTION[&amp;quot;Transverse_Mercator&amp;quot;],PARAMETER[&amp;quot;False_Easting&amp;quot;,500000.0],PARAMETER[&amp;quot;False_Northing&amp;quot;,0.0],PARAMETER[&amp;quot;Central_Meridian&amp;quot;,-69.0],PARAMETER[&amp;quot;Scale_Factor&amp;quot;,0.9996],PARAMETER[&amp;quot;Latitude_Of_Origin&amp;quot;,0.0],UNIT[&amp;quot;Meter&amp;quot;,1.0],AUTHORITY[&amp;quot;EPSG&amp;quot;,32619]]&lt;/WKT&gt;&lt;XOrigin&gt;-5120900&lt;/XOrigin&gt;&lt;YOrigin&gt;-9998100&lt;/YOrigin&gt;&lt;XYScale&gt;450445547.3910538&lt;/XYScale&gt;&lt;ZOrigin&gt;-100000&lt;/ZOrigin&gt;&lt;ZScale&gt;10000&lt;/ZScale&gt;&lt;MOrigin&gt;-100000&lt;/MOrigin&gt;&lt;MScale&gt;10000&lt;/MScale&gt;&lt;XYTolerance&gt;0.001&lt;/XYTolerance&gt;&lt;ZTolerance&gt;0.001&lt;/ZTolerance&gt;&lt;MTolerance&gt;0.001&lt;/MTolerance&gt;&lt;HighPrecision&gt;true&lt;/HighPrecision&gt;&lt;WKID&gt;32619&lt;/WKID&gt;&lt;LatestWKID&gt;32619&lt;/LatestWKID&gt;&lt;/ProjectedCoordinateSystem&gt;</peXml><projcsn Sync="TRUE">WGS_1984_UTM_Zone_19N</projcsn></coordRef><copyHistory><copy source="C:\Users\jason.EDC\Documents\ArcGIS\Packages\Dam_impoundment_viewsheds_E134811E-F20E-4F46-BE08-42C5668CD3DF\commondata\ecological\Dams_BAT_UTM19_WGS" dest="\\JPGIS\D$\Dam_Atlas\Viewshed_analysis\Input_data\Dams_BAT_UTM19_WGS" date="20200626" time="15240500"></copy></copyHistory><LayerFile>{"type":"CIMLayerDocument","version":"2.6.0","build":24783,"layers":["CIMPATH=map/dams.xml"],"layerDefinitions":[{"type":"CIMFeatureLayer","name":"Dams","uRI":"CIMPATH=map/dams.xml","sourceModifiedTime":{"type":"TimeInstant"},"useSourceMetadata":true,"description":"Dams","layerElevation":{"type":"CIMLayerElevationSurface","mapElevationID":"{B5B3843A-A784-4D53-B848-EDD5F589E92C}"},"expanded":true,"layerType":"Operational","showLegends":true,"visibility":true,"displayCacheType":"Permanent","maxDisplayCacheAge":5,"showPopups":true,"serviceLayerID":-1,"refreshRate":-1,"refreshRateUnit":"esriTimeUnitsSeconds","autoGenerateFeatureTemplates":true,"featureElevationExpression":"0","featureTable":{"type":"CIMFeatureTable","displayField":"DAM_NAME","editable":true,"dataConnection":{"type":"CIMStandardDataConnection","workspaceConnectionString":"DATABASE=F:\\Classes\\NRS 410\\Labs\\Lab_6\\Data","workspaceFactory":"Shapefile","dataset":"Dams","datasetType":"esriDTFeatureClass"},"studyAreaSpatialRel":"esriSpatialRelUndefined","searchOrder":"esriSearchOrderSpatial"},"htmlPopupEnabled":true,"selectable":true,"featureCacheType":"Session","displayFiltersType":"ByScale","labelClasses":[{"type":"CIMLabelClass","expression":"$feature.DAM_NAME","expressionEngine":"Arcade","featuresToLabel":"AllVisibleFeatures","maplexLabelPlacementProperties":{"type":"CIMMaplexLabelPlacementProperties","featureType":"Point","avoidPolygonHoles":true,"canOverrunFeature":true,"canPlaceLabelOutsidePolygon":true,"canRemoveOverlappingLabel":true,"canStackLabel":true,"connectionType":"Unambiguous","constrainOffset":"NoConstraint","contourAlignmentType":"Page","contourLadderType":"Straight","contourMaximumAngle":90,"enableConnection":true,"enablePointPlacementPriorities":true,"featureWeight":0,"fontHeightReductionLimit":4,"fontHeightReductionStep":0.5,"fontWidthReductionLimit":90,"fontWidthReductionStep":5,"graticuleAlignmentType":"Straight","keyNumberGroupName":"Default","labelBuffer":15,"labelLargestPolygon":true,"labelPriority":-1,"labelStackingProperties":{"type":"CIMMaplexLabelStackingProperties","stackAlignment":"ChooseBest","maximumNumberOfLines":3,"minimumNumberOfCharsPerLine":3,"maximumNumberOfCharsPerLine":24,"separators":[{"type":"CIMMaplexStackingSeparator","separator":" ","splitAfter":true},{"type":"CIMMaplexStackingSeparator","separator":",","visible":true,"splitAfter":true}]},"lineFeatureType":"General","linePlacementMethod":"OffsetCurvedFromLine","maximumLabelOverrun":36,"maximumLabelOverrunUnit":"Point","minimumFeatureSizeUnit":"Map","multiPartOption":"OneLabelPerPart","offsetAlongLineProperties":{"type":"CIMMaplexOffsetAlongLineProperties","placementMethod":"BestPositionAlongLine","labelAnchorPoint":"CenterOfLabel","distanceUnit":"Percentage","useLineDirection":true},"pointExternalZonePriorities":{"type":"CIMMaplexExternalZonePriorities","aboveLeft":4,"aboveCenter":2,"aboveRight":1,"centerRight":3,"belowRight":5,"belowCenter":7,"belowLeft":8,"centerLeft":6},"pointPlacementMethod":"AroundPoint","polygonAnchorPointType":"GeometricCenter","polygonBoundaryWeight":0,"polygonExternalZones":{"type":"CIMMaplexExternalZonePriorities","aboveLeft":4,"aboveCenter":2,"aboveRight":1,"centerRight":3,"belowRight":5,"belowCenter":7,"belowLeft":8,"centerLeft":6},"polygonFeatureType":"General","polygonInternalZones":{"type":"CIMMaplexInternalZonePriorities","center":1},"polygonPlacementMethod":"CurvedInPolygon","primaryOffset":1,"primaryOffsetUnit":"Point","removeExtraWhiteSpace":true,"repetitionIntervalUnit":"Point","rotationProperties":{"type":"CIMMaplexRotationProperties","rotationType":"Arithmetic","alignmentType":"Straight"},"secondaryOffset":100,"strategyPriorities":{"type":"CIMMaplexStrategyPriorities","stacking":1,"overrun":2,"fontCompression":3,"fontReduction":4,"abbreviation":5},"thinningDistanceUnit":"Point","truncationMarkerCharacter":".","truncationMinimumLength":1,"truncationPreferredCharacters":"aeiou","truncationExcludedCharacters":"0123456789"},"name":"Class 1","priority":-1,"standardLabelPlacementProperties":{"type":"CIMStandardLabelPlacementProperties","featureType":"Line","featureWeight":"Low","labelWeight":"High","numLabelsOption":"OneLabelPerName","lineLabelPosition":{"type":"CIMStandardLineLabelPosition","above":true,"inLine":true,"parallel":true},"lineLabelPriorities":{"type":"CIMStandardLineLabelPriorities","aboveStart":3,"aboveAlong":3,"aboveEnd":3,"centerStart":3,"centerAlong":3,"centerEnd":3,"belowStart":3,"belowAlong":3,"belowEnd":3},"pointPlacementMethod":"AroundPoint","pointPlacementPriorities":{"type":"CIMStandardPointPlacementPriorities","aboveLeft":2,"aboveCenter":2,"aboveRight":1,"centerLeft":3,"centerRight":2,"belowLeft":3,"belowCenter":3,"belowRight":2},"rotationType":"Arithmetic","polygonPlacementMethod":"AlwaysHorizontal"},"textSymbol":{"type":"CIMSymbolReference","symbol":{"type":"CIMTextSymbol","blockProgression":"TTB","depth3D":1,"extrapolateBaselines":true,"fontEffects":"Normal","fontEncoding":"Unicode","fontFamilyName":"Tahoma","fontStyleName":"Regular","fontType":"Unspecified","haloSize":1,"height":10,"hinting":"Default","horizontalAlignment":"Left","kerning":true,"letterWidth":100,"ligatures":true,"lineGapType":"ExtraLeading","symbol":{"type":"CIMPolygonSymbol","symbolLayers":[{"type":"CIMSolidFill","enable":true,"color":{"type":"CIMRGBColor","values":[0,0,0,100]}}]},"textCase":"Normal","textDirection":"LTR","verticalAlignment":"Bottom","verticalGlyphOrientation":"Right","wordSpacing":100,"billboardMode3D":"FaceNearPlane"}},"useCodedValue":true,"visibility":true,"iD":-1}],"renderer":{"type":"CIMSimpleRenderer","patch":"Default","symbol":{"type":"CIMSymbolReference","symbol":{"type":"CIMPointSymbol","symbolLayers":[{"type":"CIMVectorMarker","enable":true,"anchorPointUnits":"Relative","dominantSizeAxis3D":"Z","size":4,"billboardMode3D":"FaceNearPlane","frame":{"xmin":-2,"ymin":-2,"xmax":2,"ymax":2},"markerGraphics":[{"type":"CIMMarkerGraphic","geometry":{"curveRings":[[[1.2246467991473532e-16,2],{"a":[[1.2246467991473532e-16,2],[1.2246467991473532e-16,0],0,1]}]]},"symbol":{"type":"CIMPolygonSymbol","symbolLayers":[{"type":"CIMSolidStroke","enable":true,"capStyle":"Round","joinStyle":"Round","lineStyle3D":"Strip","miterLimit":10,"width":0.69999999999999996,"color":{"type":"CIMRGBColor","values":[0,0,0,100]}},{"type":"CIMSolidFill","enable":true,"color":{"type":"CIMRGBColor","values":[83.1700000000000017,137.699999999999989,46.82,100]}}]}}],"respectFrame":true}],"haloSize":1,"scaleX":1,"angleAlignment":"Display"}}},"scaleSymbols":true,"snappable":true}]}</LayerFile></DataProperties><SyncDate>20201002</SyncDate><SyncTime>15521300</SyncTime><ModDate>20201002</ModDate><ModTime>15521300</ModTime></Esri><dataIdInfo><envirDesc Sync="TRUE">Microsoft Windows 10 Version 10.0 (Build 19041) ; Esri ArcGIS 12.6.1.24783</envirDesc><dataLang><languageCode value="eng" Sync="TRUE"></languageCode><countryCode value="USA" Sync="TRUE"></countryCode></dataLang><idCitation><resTitle Sync="TRUE">Dams</resTitle><presForm><PresFormCd value="005" Sync="TRUE"></PresFormCd></presForm></idCitation><spatRpType><SpatRepTypCd value="001" Sync="TRUE"></SpatRepTypCd></spatRpType><dataExt><geoEle><GeoBndBox esriExtentType="search"><exTypeCode Sync="TRUE">1</exTypeCode><westBL Sync="TRUE">-71.962865</westBL><eastBL Sync="TRUE">-70.749787</eastBL><northBL Sync="TRUE">42.341051</northBL><southBL Sync="TRUE">41.372018</southBL></GeoBndBox></geoEle></dataExt></dataIdInfo><mdLang><languageCode value="eng" Sync="TRUE"></languageCode><countryCode value="USA" Sync="TRUE"></countryCode></mdLang><distInfo><distFormat><formatName Sync="TRUE">Shapefile</formatName></distFormat><distTranOps><transSize Sync="TRUE">0.000</transSize></distTranOps></distInfo><mdHrLv><ScopeCd value="005" Sync="TRUE"></ScopeCd></mdHrLv><mdHrLvName Sync="TRUE">dataset</mdHrLvName><refSysInfo><RefSystem><refSysID><identCode code="32619" Sync="TRUE"></identCode><idCodeSpace Sync="TRUE">EPSG</idCodeSpace><idVersion Sync="TRUE">2.1(3.0.1)</idVersion></refSysID></RefSystem></refSysInfo><spatRepInfo><VectSpatRep><geometObjs Name="Dams"><geoObjTyp><GeoObjTypCd value="004" Sync="TRUE"></GeoObjTypCd></geoObjTyp><geoObjCnt Sync="TRUE">0</geoObjCnt></geometObjs><topLvl><TopoLevCd value="001" Sync="TRUE"></TopoLevCd></topLvl></VectSpatRep></spatRepInfo><spdoinfo><ptvctinf><esriterm Name="Dams"><efeatyp Sync="TRUE">Simple</efeatyp><efeageom code="1" Sync="TRUE"></efeageom><esritopo Sync="TRUE">FALSE</esritopo><efeacnt Sync="TRUE">0</efeacnt><spindex Sync="TRUE">FALSE</spindex><linrefer Sync="TRUE">FALSE</linrefer></esriterm></ptvctinf></spdoinfo><eainfo><detailed Name="Dams"><enttyp><enttypl Sync="TRUE">Dams</enttypl><enttypt Sync="TRUE">Feature Class</enttypt><enttypc Sync="TRUE">0</enttypc></enttyp><attr><attrlabl Sync="TRUE">FID</attrlabl><attalias Sync="TRUE">FID</attalias><attrtype Sync="TRUE">OID</attrtype><attwidth Sync="TRUE">4</attwidth><atprecis Sync="TRUE">0</atprecis><attscale Sync="TRUE">0</attscale><attrdef Sync="TRUE">Internal feature number.</attrdef><attrdefs Sync="TRUE">Esri</attrdefs><attrdomv><udom Sync="TRUE">Sequential unique whole numbers that are automatically generated.</udom></attrdomv></attr><attr><attrlabl Sync="TRUE">Shape</attrlabl><attalias Sync="TRUE">Shape</attalias><attrtype Sync="TRUE">Geometry</attrtype><attwidth Sync="TRUE">0</attwidth><atprecis Sync="TRUE">0</atprecis><attscale Sync="TRUE">0</attscale><attrdef Sync="TRUE">Feature geometry.</attrdef><attrdefs Sync="TRUE">Esri</attrdefs><attrdomv><udom Sync="TRUE">Coordinates defining the features.</udom></attrdomv></attr><attr><attrlabl Sync="TRUE">OBJECTID</attrlabl><attalias Sync="TRUE">OBJECTID</attalias><attrtype Sync="TRUE">Integer</attrtype><attwidth Sync="TRUE">10</attwidth><atprecis Sync="TRUE">10</atprecis><attscale Sync="TRUE">0</attscale><attrdef Sync="TRUE">Internal feature number.</attrdef><attrdefs Sync="TRUE">Esri</attrdefs><attrdomv><udom Sync="TRUE">Sequential unique whole numbers that are automatically generated.</udom></attrdomv></attr><attr><attrlabl Sync="TRUE">FID_all_sn</attrlabl><attalias Sync="TRUE">FID_all_sn</attalias><attrtype Sync="TRUE">Integer</attrtype><attwidth Sync="TRUE">10</attwidth><atprecis Sync="TRUE">10</atprecis><attscale Sync="TRUE">0</attscale></attr><attr><attrlabl Sync="TRUE">FID_next_f</attrlabl><attalias Sync="TRUE">FID_next_f</attalias><attrtype Sync="TRUE">Integer</attrtype><attwidth Sync="TRUE">10</attwidth><atprecis Sync="TRUE">10</atprecis><attscale Sync="TRUE">0</attscale></attr><attr><attrlabl Sync="TRUE">STATE</attrlabl><attalias Sync="TRUE">STATE</attalias><attrtype Sync="TRUE">String</attrtype><attwidth Sync="TRUE">2</attwidth><atprecis Sync="TRUE">0</atprecis><attscale Sync="TRUE">0</attscale></attr><attr><attrlabl Sync="TRUE">DATA_SOURC</attrlabl><attalias Sync="TRUE">DATA_SOURC</attalias><attrtype Sync="TRUE">String</attrtype><attwidth Sync="TRUE">254</attwidth><atprecis Sync="TRUE">0</atprecis><attscale Sync="TRUE">0</attscale></attr><attr><attrlabl Sync="TRUE">DATE_DOWNL</attrlabl><attalias Sync="TRUE">DATE_DOWNL</attalias><attrtype Sync="TRUE">String</attrtype><attwidth Sync="TRUE">254</attwidth><atprecis Sync="TRUE">0</atprecis><attscale Sync="TRUE">0</attscale></attr><attr><attrlabl Sync="TRUE">NAT_ID</attrlabl><attalias Sync="TRUE">NAT_ID</attalias><attrtype Sync="TRUE">String</attrtype><attwidth Sync="TRUE">254</attwidth><atprecis Sync="TRUE">0</atprecis><attscale Sync="TRUE">0</attscale></attr><attr><attrlabl Sync="TRUE">DAM_NAME</attrlabl><attalias Sync="TRUE">DAM_NAME</attalias><attrtype Sync="TRUE">String</attrtype><attwidth Sync="TRUE">254</attwidth><atprecis Sync="TRUE">0</atprecis><attscale Sync="TRUE">0</attscale></attr><attr><attrlabl Sync="TRUE">ALT_NAME</attrlabl><attalias Sync="TRUE">ALT_NAME</attalias><attrtype Sync="TRUE">String</attrtype><attwidth Sync="TRUE">254</attwidth><atprecis Sync="TRUE">0</atprecis><attscale Sync="TRUE">0</attscale></attr><attr><attrlabl Sync="TRUE">TOWN</attrlabl><attalias Sync="TRUE">TOWN</attalias><attrtype Sync="TRUE">String</attrtype><attwidth Sync="TRUE">254</attwidth><atprecis Sync="TRUE">0</atprecis><attscale Sync="TRUE">0</attscale></attr><attr><attrlabl Sync="TRUE">STATUS</attrlabl><attalias Sync="TRUE">STATUS</attalias><attrtype Sync="TRUE">String</attrtype><attwidth Sync="TRUE">254</attwidth><atprecis Sync="TRUE">0</atprecis><attscale Sync="TRUE">0</attscale></attr><attr><attrlabl Sync="TRUE">HAZ_CLASS</attrlabl><attalias Sync="TRUE">HAZ_CLASS</attalias><attrtype Sync="TRUE">String</attrtype><attwidth Sync="TRUE">254</attwidth><atprecis Sync="TRUE">0</atprecis><attscale Sync="TRUE">0</attscale></attr><attr><attrlabl Sync="TRUE">SOURCE</attrlabl><attalias Sync="TRUE">SOURCE</attalias><attrtype Sync="TRUE">String</attrtype><attwidth Sync="TRUE">254</attwidth><atprecis Sync="TRUE">0</atprecis><attscale Sync="TRUE">0</attscale></attr><attr><attrlabl Sync="TRUE">NEDAT_ID</attrlabl><attalias Sync="TRUE">NEDAT_ID</attalias><attrtype Sync="TRUE">Integer</attrtype><attwidth Sync="TRUE">10</attwidth><atprecis Sync="TRUE">10</atprecis><attscale Sync="TRUE">0</attscale></attr><attr><attrlabl Sync="TRUE">FID_next_1</attrlabl><attalias Sync="TRUE">FID_next_1</attalias><attrtype Sync="TRUE">Integer</attrtype><attwidth Sync="TRUE">10</attwidth><atprecis Sync="TRUE">10</atprecis><attscale Sync="TRUE">0</attscale></attr><attr><attrlabl Sync="TRUE">Permanent_</attrlabl><attalias Sync="TRUE">Permanent_</attalias><attrtype Sync="TRUE">String</attrtype><attwidth Sync="TRUE">40</attwidth><atprecis Sync="TRUE">0</atprecis><attscale Sync="TRUE">0</attscale></attr><attr><attrlabl Sync="TRUE">FDate</attrlabl><attalias Sync="TRUE">FDate</attalias><attrtype Sync="TRUE">Date</attrtype><attwidth Sync="TRUE">8</attwidth><atprecis Sync="TRUE">0</atprecis><attscale Sync="TRUE">0</attscale></attr><attr><attrlabl Sync="TRUE">Resolution</attrlabl><attalias Sync="TRUE">Resolution</attalias><attrtype Sync="TRUE">Integer</attrtype><attwidth Sync="TRUE">10</attwidth><atprecis Sync="TRUE">10</atprecis><attscale Sync="TRUE">0</attscale></attr><attr><attrlabl Sync="TRUE">GNIS_ID</attrlabl><attalias Sync="TRUE">GNIS_ID</attalias><attrtype Sync="TRUE">String</attrtype><attwidth Sync="TRUE">10</attwidth><atprecis Sync="TRUE">0</atprecis><attscale Sync="TRUE">0</attscale></attr><attr><attrlabl Sync="TRUE">GNIS_Name</attrlabl><attalias Sync="TRUE">GNIS_Name</attalias><attrtype Sync="TRUE">String</attrtype><attwidth Sync="TRUE">65</attwidth><atprecis Sync="TRUE">0</atprecis><attscale Sync="TRUE">0</attscale></attr><attr><attrlabl Sync="TRUE">LengthKM</attrlabl><attalias Sync="TRUE">LengthKM</attalias><attrtype Sync="TRUE">Double</attrtype><attwidth Sync="TRUE">19</attwidth><atprecis Sync="TRUE">0</atprecis><attscale Sync="TRUE">0</attscale></attr><attr><attrlabl Sync="TRUE">ReachCode</attrlabl><attalias Sync="TRUE">ReachCode</attalias><attrtype Sync="TRUE">String</attrtype><attwidth Sync="TRUE">14</attwidth><atprecis Sync="TRUE">0</atprecis><attscale Sync="TRUE">0</attscale></attr><attr><attrlabl Sync="TRUE">FlowDir</attrlabl><attalias Sync="TRUE">FlowDir</attalias><attrtype Sync="TRUE">Integer</attrtype><attwidth Sync="TRUE">10</attwidth><atprecis Sync="TRUE">10</atprecis><attscale Sync="TRUE">0</attscale></attr><attr><attrlabl Sync="TRUE">WBArea_Per</attrlabl><attalias Sync="TRUE">WBArea_Per</attalias><attrtype Sync="TRUE">String</attrtype><attwidth Sync="TRUE">40</attwidth><atprecis Sync="TRUE">0</atprecis><attscale Sync="TRUE">0</attscale></attr><attr><attrlabl Sync="TRUE">FType</attrlabl><attalias Sync="TRUE">FType</attalias><attrtype Sync="TRUE">Integer</attrtype><attwidth Sync="TRUE">10</attwidth><atprecis Sync="TRUE">10</atprecis><attscale Sync="TRUE">0</attscale></attr><attr><attrlabl Sync="TRUE">FCode</attrlabl><attalias Sync="TRUE">FCode</attalias><attrtype Sync="TRUE">Integer</attrtype><attwidth Sync="TRUE">10</attwidth><atprecis Sync="TRUE">10</atprecis><attscale Sync="TRUE">0</attscale></attr><attr><attrlabl Sync="TRUE">MainPath</attrlabl><attalias Sync="TRUE">MainPath</attalias><attrtype Sync="TRUE">Integer</attrtype><attwidth Sync="TRUE">10</attwidth><atprecis Sync="TRUE">10</atprecis><attscale Sync="TRUE">0</attscale></attr><attr><attrlabl Sync="TRUE">InNetwork</attrlabl><attalias Sync="TRUE">InNetwork</attalias><attrtype Sync="TRUE">Integer</attrtype><attwidth Sync="TRUE">10</attwidth><atprecis Sync="TRUE">10</atprecis><attscale Sync="TRUE">0</attscale></attr><attr><attrlabl Sync="TRUE">Visibility</attrlabl><attalias Sync="TRUE">Visibility</attalias><attrtype Sync="TRUE">Integer</attrtype><attwidth Sync="TRUE">10</attwidth><atprecis Sync="TRUE">10</atprecis><attscale Sync="TRUE">0</attscale></attr><attr><attrlabl Sync="TRUE">NHDPlusID</attrlabl><attalias Sync="TRUE">NHDPlusID</attalias><attrtype Sync="TRUE">Double</attrtype><attwidth Sync="TRUE">19</attwidth><atprecis Sync="TRUE">0</atprecis><attscale Sync="TRUE">0</attscale></attr><attr><attrlabl Sync="TRUE">VPUID</attrlabl><attalias Sync="TRUE">VPUID</attalias><attrtype Sync="TRUE">String</attrtype><attwidth Sync="TRUE">8</attwidth><atprecis Sync="TRUE">0</atprecis><attscale Sync="TRUE">0</attscale></attr><attr><attrlabl Sync="TRUE">Enabled</attrlabl><attalias Sync="TRUE">Enabled</attalias><attrtype Sync="TRUE">Integer</attrtype><attwidth Sync="TRUE">10</attwidth><atprecis Sync="TRUE">10</atprecis><attscale Sync="TRUE">0</attscale></attr><attr><attrlabl Sync="TRUE">FID_next_2</attrlabl><attalias Sync="TRUE">FID_next_2</attalias><attrtype Sync="TRUE">Integer</attrtype><attwidth Sync="TRUE">10</attwidth><atprecis Sync="TRUE">10</atprecis><attscale Sync="TRUE">0</attscale></attr><attr><attrlabl Sync="TRUE">HUC12</attrlabl><attalias Sync="TRUE">HUC12</attalias><attrtype Sync="TRUE">String</attrtype><attwidth Sync="TRUE">12</attwidth><atprecis Sync="TRUE">0</atprecis><attscale Sync="TRUE">0</attscale></attr><attr><attrlabl Sync="TRUE">HUC10</attrlabl><attalias Sync="TRUE">HUC10</attalias><attrtype Sync="TRUE">String</attrtype><attwidth Sync="TRUE">10</attwidth><atprecis Sync="TRUE">0</atprecis><attscale Sync="TRUE">0</attscale></attr><attr><attrlabl Sync="TRUE">HUC8</attrlabl><attalias Sync="TRUE">HUC8</attalias><attrtype Sync="TRUE">String</attrtype><attwidth Sync="TRUE">8</attwidth><atprecis Sync="TRUE">0</atprecis><attscale Sync="TRUE">0</attscale></attr><attr><attrlabl Sync="TRUE">HUC6</attrlabl><attalias Sync="TRUE">HUC6</attalias><attrtype Sync="TRUE">String</attrtype><attwidth Sync="TRUE">6</attwidth><atprecis Sync="TRUE">0</atprecis><attscale Sync="TRUE">0</attscale></attr><attr><attrlabl Sync="TRUE">HUC4</attrlabl><attalias Sync="TRUE">HUC4</attalias><attrtype Sync="TRUE">String</attrtype><attwidth Sync="TRUE">4</attwidth><atprecis Sync="TRUE">0</atprecis><attscale Sync="TRUE">0</attscale></attr><attr><attrlabl Sync="TRUE">Type</attrlabl><attalias Sync="TRUE">Type</attalias><attrtype Sync="TRUE">String</attrtype><attwidth Sync="TRUE">1</attwidth><atprecis Sync="TRUE">0</atprecis><attscale Sync="TRUE">0</attscale></attr><attr><attrlabl Sync="TRUE">DamID</attrlabl><attalias Sync="TRUE">DamID</attalias><attrtype Sync="TRUE">String</attrtype><attwidth Sync="TRUE">50</attwidth><atprecis Sync="TRUE">0</atprecis><attscale Sync="TRUE">0</attscale></attr><attr><attrlabl Sync="TRUE">batSnapped</attrlabl><attalias Sync="TRUE">batSnapped</attalias><attrtype Sync="TRUE">String</attrtype><attwidth Sync="TRUE">1</attwidth><atprecis Sync="TRUE">0</atprecis><attscale Sync="TRUE">0</attscale></attr><attr><attrlabl Sync="TRUE">batLineID</attrlabl><attalias Sync="TRUE">batLineID</attalias><attrtype Sync="TRUE">Integer</attrtype><attwidth Sync="TRUE">10</attwidth><atprecis Sync="TRUE">10</atprecis><attscale Sync="TRUE">0</attscale></attr><attr><attrlabl Sync="TRUE">batRegion</attrlabl><attalias Sync="TRUE">batRegion</attalias><attrtype Sync="TRUE">String</attrtype><attwidth Sync="TRUE">25</attwidth><atprecis Sync="TRUE">0</atprecis><attscale Sync="TRUE">0</attscale></attr><attr><attrlabl Sync="TRUE">batSnapDis</attrlabl><attalias Sync="TRUE">batSnapDis</attalias><attrtype Sync="TRUE">Double</attrtype><attwidth Sync="TRUE">19</attwidth><atprecis Sync="TRUE">0</atprecis><attscale Sync="TRUE">0</attscale></attr><attr><attrlabl Sync="TRUE">batDisAlng</attrlabl><attalias Sync="TRUE">batDisAlng</attalias><attrtype Sync="TRUE">Double</attrtype><attwidth Sync="TRUE">19</attwidth><atprecis Sync="TRUE">0</atprecis><attscale Sync="TRUE">0</attscale></attr><attr><attrlabl Sync="TRUE">batDis2Mth</attrlabl><attalias Sync="TRUE">batDis2Mth</attalias><attrtype Sync="TRUE">Double</attrtype><attwidth Sync="TRUE">19</attwidth><atprecis Sync="TRUE">0</atprecis><attscale Sync="TRUE">0</attscale></attr><attr><attrlabl Sync="TRUE">batSrcID</attrlabl><attalias Sync="TRUE">batSrcID</attalias><attrtype Sync="TRUE">Integer</attrtype><attwidth Sync="TRUE">10</attwidth><atprecis Sync="TRUE">10</atprecis><attscale Sync="TRUE">0</attscale></attr><attr><attrlabl Sync="TRUE">DwnStrDir</attrlabl><attalias Sync="TRUE">DwnStrDir</attalias><attrtype Sync="TRUE">Double</attrtype><attwidth Sync="TRUE">19</attwidth><atprecis Sync="TRUE">0</atprecis><attscale Sync="TRUE">0</attscale></attr><attr><attrlabl Sync="TRUE">dwnStr_1</attrlabl><attalias Sync="TRUE">dwnStr_1</attalias><attrtype Sync="TRUE">Double</attrtype><attwidth Sync="TRUE">19</attwidth><atprecis Sync="TRUE">0</atprecis><attscale Sync="TRUE">0</attscale></attr><attr><attrlabl Sync="TRUE">DirFld</attrlabl><attalias Sync="TRUE">DirFld</attalias><attrtype Sync="TRUE">Double</attrtype><attwidth Sync="TRUE">19</attwidth><atprecis Sync="TRUE">0</atprecis><attscale Sync="TRUE">0</attscale></attr><attr><attrlabl Sync="TRUE">ViewImpnd</attrlabl><attalias Sync="TRUE">ViewImpnd</attalias><attrtype Sync="TRUE">Integer</attrtype><attwidth Sync="TRUE">5</attwidth><atprecis Sync="TRUE">5</atprecis><attscale Sync="TRUE">0</attscale></attr><attr><attrlabl Sync="TRUE">ViewDam</attrlabl><attalias Sync="TRUE">ViewDam</attalias><attrtype Sync="TRUE">Integer</attrtype><attwidth Sync="TRUE">10</attwidth><atprecis Sync="TRUE">10</atprecis><attscale Sync="TRUE">0</attscale></attr></detailed></eainfo><mdDateSt Sync="TRUE">20201002</mdDateSt><mdChar><CharSetCd value="004" Sync="TRUE"></CharSetCd></mdChar></metadata>
